Exam,Homepage,CutoffURL
ACCA FOUNDATION,https://www.accaglobal.com/,https://www.accaglobal.com/gb/en/student/exam-support-resources/foundation-level-study-resources/pass-rates-foundation-level-exams.html
Actuarial Common Entrance Test,https://actuariesindia.org/,https://actuariesindia.org/education/examinations
Advanced Industrial Training Institute Courses Admission,State-specific ITI admission portals,https://www.shiksha.com/it-software/articles/iti-admission-blogId-162761
Air India Cadet Pilot Program,https://cadetpilot.airindia.com/,"No official cutoff. Selection based on aptitude tests, interviews, and DGCA medical fitness."
Aligarh Muslim University Entrance Examination – Law,https://www.amucontrollerexams.com/,https://www.amucontrollerexams.com/
Aligarh Muslim University Undergraduate Entrance Test,https://www.amucontrollerexams.com/,https://www.amucontrollerexams.com/
All India Entrance Examination for Design – Interaction Design,https://www.aieed.com/,https://www.aieed.com/admission-process/
All India Law Entrance Test,https://nationallawuniversitydelhi.in/,https://nationallawuniversitydelhi.in/
All India Veterinary Entrance Test,https://mcc.nic.in/,https://mcc.nic.in/WebinfoUG/Page/Page?PageId=1&LangId=P
ALLIANCE UNIVERSITY ENTRANCE TEST,https://www.alliance.edu.in/,https://www.alliance.edu.in/admissions
Amadeus GDS Certification Examination,https://amadeus.com/en,No official cutoff. Certification/pass criteria apply.
Amity University Entrance Examination,https://www.amity.edu/admission,https://www.amity.edu/admission-procedure
Amrita Engineering Entrance Examination,https://www.amrita.edu/admissions/btech/,https://www.amrita.edu/admissions/btech/cutoff/
Anant National University Design Entrance Examination,https://anu.edu.in/,https://anu.edu.in/admissions/
Andhra Pradesh Engineering and Agriculture and Pharmacy Common Entrance Test,https://cets.apsche.ap.gov.in/,https://eapcet-sche.aptonline.in/EAPCET/Views/CollegeWiseLastRank.aspx
Andhra Pradesh Law Common Entrance Test,https://cets.apsche.ap.gov.in/,https://lawcet-sche.aptonline.in/LAWCET/
Andhra Pradesh Polytechnic Entrance Examination,https://appolycet.nic.in/,https://appolycet.nic.in/
Apeejay Design Entrance Examination,https://www.apeejay.edu/,https://www.apeejay.edu/admissions
Armed Forces Medical College Entrance Examination,https://afmc.nic.in/,https://neet.nta.nic.in/
Army Institute of Fashion and Design Entrance Examination,https://www.aifd.edu.in/,https://www.aifd.edu.in/admission.php
Arunachal Pradesh Polytechnic Entrance Examination,https://apdhte.nic.in/,https://apdhte.nic.in/
Aryabhatta Knowledge University Entrance Examination,https://akubihar.ac.in/,https://akubihar.ac.in/
Ashoka University Aptitude and Aptitude Test – Interdisciplinary,https://www.ashoka.edu.in/,https://www.ashoka.edu.in/admissions/undergraduate/
Assam Agriculture Entrance Examination,https://www.aau.ac.in/,https://www.aau.ac.in/admission.html
Assam Combined Entrance Examination,https://astu.ac.in/,https://astu.ac.in/
Assam Polytechnic Entrance Examination,https://dte.assam.gov.in/,https://dte.assam.gov.in/portlets/polytechnic-admission
Auxiliary Nurse Midwifery Admission,State Nursing Councils,https://www.shiksha.com/nursing/anm-chp
Avantika University Design Entrance Examination,https://www.avantikauniversity.edu.in/,https://www.avantikauniversity.edu.in/admissions/
AVEE - Assam Veterinary Entrance Examination,https://vetbifg.ac.in/,https://vetbifg.ac.in/admission-notice.php
Azim Premji University Undergraduate Entrance Examination,https://azimpremjiuniversity.edu.in/admissions,https://azimpremjiuniversity.edu.in/admissions/undergraduate
Baba Farid University of Health Sciences Punjab Para Medical Entrance Test,https://bfuhs.ac.in/,https://bfuhs.ac.in/AllNotifications.aspx
Bachelor of Business Administration in Aviation Admission,Institution-specific admission portals,https://www.shiksha.com/business-management-studies/bba-in-aviation-chp
Bachelor of Hotel Management and Catering Technology Entrance Exam,https://exams.nta.ac.in/NCHM/,https://nchmcounselling.nic.in/
Bachelor of Science in Aviation Admission,Institution-specific admission portals,https://www.shiksha.com/science/b-sc-in-aviation-chp
Bachelor of Science in Nautical Science Admission,https://www.imu.edu.in/,https://www.imu.edu.in/imunew/index.php?prod_id=101
Banaras Hindu University Undergraduate Entrance Test – Law,https://www.bhu.ac.in/,https://bhuonline.in/
Bennett University Engineering Entrance Test,https://www.bennett.edu.in/admission/,https://www.bennett.edu.in/admission/btech/
Bharati Vidyapeeth Common Entrance Test,https://www.bvuniversity.edu.in/,https://admissions.bvuniversity.edu.in/
Bihar Combined Entrance Competitive Examination,https://bceceboard.bihar.gov.in/,https://bceceboard.bihar.gov.in/pdfviewer.php?type=download&file=2025/UGMAC2025_OpeningClosingRank.pdf
Bihar Engineering Entrance Examination,https://bceceboard.bihar.gov.in/,https://bceceboard.bihar.gov.in/
Bihar Polytechnic Common Entrance Competitive Examination,https://bceceboard.bihar.gov.in/,https://bceceboard.bihar.gov.in/pdfviewer.php?type=download&file=2025/PE_OpeningClosingRank.pdf
Bihar Sanskrit Studies Entrance,Bihar Sanskrit University Portal,https://www.collegedekho.com/colleges/kameshwar-singh-darbhanga-sanskrit-university-admission
Birla Institute of Technology and Science Admission Test,https://www.bitsadmission.com/,https://www.bitsadmission.com/bitsat/2025/BITSAT-2025_Cut-off_Scores.pdf
Birla Institute of Technology Mesra Entrance Examination,https://www.bitmesra.ac.in/,https://www.bitmesra.ac.in/Show_Brochure_Details/Admission_Criteria
Cabin Crew Training Programme Admission,Institution-specific admission portals,https://www.shiksha.com/hospitality-travel/aviation/cabin-crew-chp
Central Sanskrit University Entrance Examination – Sanskrit Studies,https://www.sanskrit.nic.in/,https://www.sanskrit.nic.in/admission.php
Central Teacher Eligibility Test,https://ctet.nic.in/,https://ctet.nic.in/webinfo/public/home.aspx
Chandigarh Polytechnic Entrance,https://chdpolyadmissions.nic.in/,https://chdpolyadmissions.nic.in/Public/View.aspx?page=47
Chandigarh University Common Entrance Test,https://cucet.cuchd.in/,https://www.cuchd.in/admissions/
Chandigarh University Common Entrance Test – Engineering,https://cucet.cuchd.in/,https://www.cuchd.in/admissions/engineering/
Chartered Accountancy Final Examination,https://www.icai.org/,https://www.catestseries.org/blogs/icai-ca-final-result-dec-2022---qualifying-marks--passing-criteria---merit-list.php
Chartered Accountancy Foundation Examination,https://www.icai.org/,https://finance.careers360.com/articles/ca-foundation-pass-percentage
Chartered Accountancy Intermediate Examination,https://www.icai.org/,https://www.aspirantmitraa.com/exams/ca-intermediate-cutoff
Chennai Mathematical Institute Entrance Examination,https://www.cmi.ac.in/,https://www.cmi.ac.in/admissions/
Chhattisgarh Agriculture Entrance Examination,https://vyapam.cgstate.gov.in/,https://vyapam.cgstate.gov.in/
Chhattisgarh Pre Engineering Test,https://vyapam.cgstate.gov.in/,https://cgdteraipur.cgstate.gov.in/
Chhattisgarh Pre Pharmacy and Health Sciences Test,https://vyapam.cgstate.gov.in/,https://cgdme.admissions.nic.in/
Chhattisgarh Pre Polytechnic Test,https://vyapam.cgstate.gov.in/,https://cgdteraipur.cgstate.gov.in/
Chhattisgarh Sanskrit Studies Entrance,Chhattisgarh Sanskrit University Portal,https://www.collegedekho.com/colleges/shri-lal-bahadur-shastri-government-sanskrit-college-admission
Christ University Entrance Examination,https://christuniversity.in/,https://christuniversity.in/admission-all
Christ University Law Entrance Examination,https://christuniversity.in/,https://christuniversity.in/admission-all
Cochin University of Science and Technology Combined Admission Test – Marine Engineering,https://admissions.cusat.ac.in/,https://admissions.cusat.ac.in/
College of Art Chandigarh Entrance Examination,https://chandigarh.gov.in/collegeart/home,https://chandigarh.gov.in/collegeart/admissions
Common Design Entrance Examination,https://www.ceed.iitb.ac.in/,https://www.ceed.iitb.ac.in/2025/
Common Law Admission Test – Undergraduate,https://consortiumofnlus.ac.in/,https://consortiumofnlus.ac.in/clat-2025/notifications.html
Common University Entrance Test – Undergraduate,https://cuet.nta.nic.in/,https://cuetug.ntaonline.in/
Company Secretary Executive Entrance Test,https://www.icsi.edu/,No official cutoff. CSEET is a qualifying examination.
Consortium of Medical Engineering and Dental Colleges of Karnataka Undergraduate Entrance Test,https://www.comedk.org/,https://comedk.org/uploads/engineering-cutoff-ranks.pdf
Cost Management Accountancy Foundation Examination,https://icmai.in/,No official cutoff. ICMAI pass criteria apply.
Craft Instructor Training Scheme Admission,https://nimionlineadmission.in/,https://nimionlineadmission.in/
Dadra & Nagar Haveli Polytechnic Entrance,https://daman.nic.in/,https://daman.nic.in/education/
DAIICT Entrance Test,https://www.daiict.ac.in/,https://www.daiict.ac.in/admissions
Defence Institute of Advanced Technology Entrance Examination,https://www.diat.ac.in/,https://www.diat.ac.in/admission
Delhi College of Art Entrance Examination,https://colart.delhi.gov.in/,https://colart.delhi.gov.in/admissions
Delhi Common Entrance Test for Polytechnic Admission,https://cetdelhi.nic.in/,https://cetdelhi.nic.in/webinfo/public/home.aspx
Diploma in Aviation Admission,Institution-specific admission portals,https://www.shiksha.com/hospitality-travel/aviation/diploma-in-aviation-chp
Dual System Training Admission,https://dgt.gov.in/,https://dgt.gov.in/
English and Foreign Languages University Entrance Examination – Pashto and Persian,https://www.efluniversity.ac.in/,https://www.efluniversity.ac.in/admissions2025
FLAME University Entrance Examination,https://www.flame.edu.in/,https://www.flame.edu.in/admissions/undergraduate
Footwear Design and Development Institute All India Selection Test,https://fddiindia.com/,https://fddiindia.com/admission-new/
Frankfinn Institute of Air Hostess Training Entrance Test,https://www.frankfinn.com/,No official cutoff. Admission based on screening/interview process.
Galgotias University Entrance Test,https://www.galgotiasuniversity.edu.in/,https://www.galgotiasuniversity.edu.in/admissions/
Galileo Global Distribution System Certification Examination,https://www.travelport.com/,No official cutoff. Certification/pass criteria apply.
General Nursing and Midwifery Admission,State Nursing Admission Portals,https://www.shiksha.com/nursing/gnm-chp
General Purpose Rating Course Admission,https://www.dgshipping.gov.in/,https://www.dgshipping.gov.in/
GLS University Design Entrance Examination,https://www.glsuniversity.ac.in/,https://www.glsuniversity.ac.in/admission
Goa Common Entrance Test,https://dte.goa.gov.in/,https://dte.goa.gov.in/admissions.php
Goa Common Entrance Test – Engineering,https://dte.goa.gov.in/,https://dte.goa.gov.in/admissions.php
Goa Polytechnic Entrance Examination,https://dte.goa.gov.in/,https://dte.goa.gov.in/admissions.php
Graphic Era University Entrance Test,https://www.geu.ac.in/,https://www.geu.ac.in/admissions/
Gujarat Common Entrance Test,https://gujcet.gseb.org/,https://gujacpc.admissions.nic.in/
Gujarat Common Entrance Test – Medical and Pharmacy,https://www.medadmgujarat.org/,https://www.medadmgujarat.org/ug/home.aspx
Gujarat Common Entrance Test – Polytechnic,https://acpdc.gujarat.gov.in/,https://acpdc.gujarat.gov.in/meritlist.aspx
Guru Gobind Singh Indraprastha University Common Entrance Test,https://ipu.ac.in/,https://ipu.admissions.nic.in/
Guru Gobind Singh Indraprastha University Common Entrance Test for Bachelor of Hotel Management and Catering Technology,https://ipu.ac.in/,https://ipu.admissions.nic.in/
Guru Gobind Singh Indraprastha University Common Entrance Test for Bachelor of Journalism and Mass Communication,https://ipu.ac.in/,https://ipu.admissions.nic.in/
Haryana Agriculture Entrance Examination,https://admissions.hau.ac.in/,https://admissions.hau.ac.in/
Haryana Bachelor of Arts Entrance Examination,https://highereduhry.ac.in/,https://www.collegedekho.com/courses/ba-bachelor-of-arts-colleges-in-haryana/
Haryana Bachelor of Business Administration Admission,https://highereduhry.ac.in/,https://www.shiksha.com/bba/colleges/bba-colleges-haryana
Himachal Pradesh Bachelor of Arts Entrance Examination,https://www.hpuniv.ac.in/,https://www.careers360.com/courses/ba-bachelor-of-arts
Himachal Pradesh Bachelor of Business Administration Admission,https://www.hpuniv.ac.in/,https://www.shiksha.com/bba/colleges/bba-colleges-himachal-pradesh
Himachal Pradesh Common Entrance Test,https://www.hptechboard.com/,https://www.hptechboard.com/
Himachal Pradesh Polytechnic Admission Test,https://www.hptechboard.com/,https://www.hptechboard.com/
Himachal Pradesh Polytechnic Entrance,https://www.hptechboard.com/,https://www.hptechboard.com/
ICFAI Technology School Admission Test,https://www.ifheindia.org/itsat/,https://www.ifheindia.org/itsat/
IMS Design and Innovation Academy Entrance Examination,https://imsdia.org/,https://imsdia.org/admissions/
Indian Council of Agricultural Research All India Entrance Examination for Admission Undergraduate,https://exams.nta.ac.in/ICAR/,https://icaradmission.in/
Indian Institute of Art and Design Entrance Test,https://www.iiad.edu.in/,https://www.iiad.edu.in/admissions/
Indian Institute of Foreign Trade Entrance Examination,https://www.iift.ac.in/,https://www.iift.ac.in/iift/admissions.php
Indian Institute of Petroleum and Energy Entrance Examination,https://www.iipe.ac.in/,https://www.iipe.ac.in/admissions.php
Indian Institute of Science Bachelor of Science Research Admission,https://www.iisc.ac.in/admissions/,https://www.iisc.ac.in/admissions/undergraduate-programmes/
Indian Institute of Space Science and Technology Admission,https://www.iist.ac.in/admissions,https://www.iist.ac.in/admissions/undergraduate
Indian Institutes of Science Education and Research Aptitude Test,https://iiseradmission.in/,https://iiseradmission.in/examination/
Indian Maritime University Common Entrance Test,https://www.imu.edu.in/,https://www.imu.edu.in/imunew/index.php?prod_id=101
Indira Gandhi National Tribal University Entrance Examination Folk Literature,https://igntu.ac.in/,https://igntu.ac.in/admission.aspx
Indira Gandhi Rashtriya Uran Akademi Entrance Examination,https://igrua.gov.in/,"No official cutoff. Selection based on written test, aptitude assessment, interview, and medical fitness."
Indira Kala Sangeet University Entrance,https://iksv.ac.in/,https://iksv.ac.in/admission/
Industrial Training Institute Admission National Council for Vocational Training,https://dgt.gov.in/,State-specific ITI merit/cutoff portals
Industrial Training Institute Admission State Council for Vocational Training,State Skill Development Portals,State-specific ITI merit/cutoff portals
Industrial Training Institute Trades Admission,https://dgt.gov.in/,State-specific ITI trade merit portals
Institute of Hotel Management Aurangabad Entrance Test,https://www.ihma.ac.in/,https://www.ihma.ac.in/admissions
Institute of Hotel Management Catering Technology Entrance Vegetarian Culinary Arts,https://www.ihmjaipur.com/,https://www.shiksha.com/hospitality-travel/hotel-hospitality-management-chp
Integrated Bachelor of Arts and Bachelor of Education Entrance Examination,Institution/University-specific portals,https://www.shiksha.com/teaching-education/ba-b-ed-chp
Inter National Institute of Fashion Design Entrance Examination,https://www.inifd.org/,https://www.inifd.org/admissions
International Air Transport Association Certification,https://www.iata.org/,No official cutoff. Certification pass criteria apply.
International Institute of Hotel Management Electronic Common Hospitality Admission Test,https://www.iihm.ac.in/echat/,https://www.iihm.ac.in/echat/
ITM Design Entrance Examination,https://www.itm.edu/design-school/,https://www.itm.edu/design-school/admissions
Jain Entrance Test,https://www.jainuniversity.ac.in/jet,https://www.jainuniversity.ac.in/jet
Jamia Millia Islamia Engineering Entrance Examination,https://www.jmi.ac.in/,https://admission.jmi.ac.in/
Jamia Millia Islamia Mass Communication Entrance,https://www.jmi.ac.in/,https://admission.jmi.ac.in/
Jamia Social Work Entrance,https://www.jmi.ac.in/,https://admission.jmi.ac.in/
Jammu and Kashmir Bachelor of Business Administration Admission,https://www.jakbopee.gov.in/,https://www.jakbopee.gov.in/
Jawaharlal Institute of Postgraduate Medical Education and Research Nursing Entrance Examination,https://jipmer.edu.in/,https://jipmer.edu.in/education/undergraduate
JD Institute of Fashion Technology Design Entrance Examination,https://www.jdinstitute.edu.in/,https://www.jdinstitute.edu.in/admission/
Jharkhand Bachelor of Business Administration Admission,https://jharkhanduniversities.nic.in/,https://www.shiksha.com/bba/colleges/bba-colleges-jharkhand
Jharkhand Combined Entrance Competitive Examination,https://jceceb.jharkhand.gov.in/,https://jceceb.jharkhand.gov.in/
Jharkhand Combined Entrance Competitive Examination Pre Polytechnic Test,https://jceceb.jharkhand.gov.in/,https://jceceb.jharkhand.gov.in/
JK Lakshmipat University Design Entrance Examination,https://jklu.edu.in/,https://jklu.edu.in/admissions/
Joint Entrance Examination JoSAA Joint Seat Allocation (JEE Main and Advanced),https://josaa.nic.in/,https://josaa.nic.in/or-cr/
Joint Entrance Examination CSAB Special Rounds (JEE Main),https://csab.nic.in/,https://csab.nic.in/
Joint Entrance Examination CSAB NEUT North Eastern States and Union Territories (JEE Main),https://csab.nic.in/,https://csab.nic.in/
Joint Entrance Examination JAC Delhi Joint Admission Counselling (JEE Main),https://jacdelhi.admissions.nic.in/,https://jacdelhi.admissions.nic.in/
Joint Entrance Examination Advanced IIT Joint Admission (JEE Advanced),https://jeeadv.ac.in/,https://josaa.nic.in/or-cr/
Joint Entrance Examination Council Uttar Pradesh Polytechnic Entrance Examination,https://jeecup.admissions.nic.in/,https://jeecup.admissions.nic.in/
Joint Entrance Test Agriculture,https://www.bskkvs.org/,https://www.bskkvs.org/admission.php
Joint Integrated Programme in Management Admission Test,https://www.iimj.ac.in/,https://www.iimj.ac.in/academics/ipm
K. R. Mangalam University Entrance Test,https://www.krmangalam.edu.in/,https://www.krmangalam.edu.in/admissions/
Kalinga Institute of Industrial Technology Entrance Examination Management Undergraduate,https://kiitee.kiit.ac.in/,https://admission.kiit.ac.in/management/
Karnataka Bachelor of Business Administration Entrance Examination,https://kea.kar.nic.in/,https://www.shiksha.com/bba/colleges/bba-colleges-karnataka
Karnataka Chitrakala Parishath Entrance,https://www.chitrakalaparishath.org/,https://www.chitrakalaparishath.org/admissions
Karnataka Common Entrance Test,https://cetonline.karnataka.gov.in/kea/,https://keaonline.karnataka.gov.in/ugcet_result_2025/main/results.php
Kashmir Polytechnic Entrance,https://jkbopee.gov.in/,https://www.jkbopee.gov.in/
Kerala Dairy Technology Entrance,https://admissions.kau.in/,https://admissions.kau.in/
Kerala Engineering Architecture Medical Entrance Examination,https://cee.kerala.gov.in/,https://cee.kerala.gov.in/keam-2025/
Kerala Fisheries Entrance Examination,https://admissions.kufos.ac.in/,https://admissions.kufos.ac.in/
Kerala Food Technology Entrance,https://admissions.kau.in/,https://admissions.kau.in/
Kerala Forestry Entrance Examination,https://admissions.kau.in/,https://admissions.kau.in/
Kerala Law Entrance Examination,https://cee.kerala.gov.in/,https://cee.kerala.gov.in/kerala-law-entrance-examination/
Kerala Nursing Entrance Examination,https://cee.kerala.gov.in/,https://cee.kerala.gov.in/keam-2025/
Kerala Paramedical Entrance Examination,https://www.lbscentre.kerala.gov.in/,https://www.lbscentre.kerala.gov.in/
Kerala Polytechnic Entrance Examination,https://www.polyadmission.org/,https://www.polyadmission.org/
Kerala Veterinary Entrance Examination,https://admissions.kvasu.ac.in/,https://admissions.kvasu.ac.in/
Krea University Entrance,https://krea.edu.in/,https://krea.edu.in/admissions/undergraduate/
Krea University Liberal Arts Entrance Examination,https://krea.edu.in/,https://krea.edu.in/admissions/undergraduate/
Ladakh Bachelor of Business Administration Entrance Examination,https://highereducation.ladakh.gov.in/,https://www.collegedekho.com/courses/bba-colleges-in-india/
Lakshadweep Bachelor of Business Administration Entrance Examination,https://lakshadweep.gov.in/,https://www.collegedekho.com/courses/bba-colleges-in-india/
Law Aptitude Test,https://www.slat-test.org/,https://www.slat-test.org/
LISAA School of Design Entrance Test,https://www.lisaa.com/india/,https://www.lisaa.com/india/admissions/
Lovely Professional University National Entrance and Scholarship Test,https://nest.lpu.in/,https://nest.lpu.in/
Lovely Professional University National Entrance and Scholarship Test Design,https://nest.lpu.in/design/,https://nest.lpu.in/design/
Loyola College Social Work Admission,https://www.loyolacollege.edu/,https://www.loyolacollege.edu/admission/
Madhya Pradesh Bachelor of Arts Entrance Examination,https://epravesh.mponline.gov.in/,https://www.shiksha.com/humanities-social-sciences/colleges/ba-colleges-madhya-pradesh
Madhya Pradesh Bachelor of Business Administration Entrance Examination,https://epravesh.mponline.gov.in/,https://www.shiksha.com/bba/colleges/bba-colleges-madhya-pradesh
Madhya Pradesh Polytechnic Entrance Examination,https://dte.mponline.gov.in/,https://dte.mponline.gov.in/portal/
Madhya Pradesh Pre Agriculture Test,https://esb.mp.gov.in/,https://esb.mp.gov.in/
Madhya Pradesh Pre Engineering Test,https://dte.mponline.gov.in/,https://dte.mponline.gov.in/portal/
Madhya Pradesh Pre Nursing Selection Test,https://esb.mp.gov.in/,https://esb.mp.gov.in/
Madhya Pradesh Pre Polytechnic Test,https://esb.mp.gov.in/,https://esb.mp.gov.in/
Madhya Pradesh Pre Veterinary and Fisheries Test,https://esb.mp.gov.in/,https://esb.mp.gov.in/
Madras School Of Social Work Entrance,https://mssw.in/,https://mssw.in/admissions/
Maharaja Sayajirao University of Baroda Fine Arts Entrance Examination,https://msubaroda.ac.in/,https://msubaroda.ac.in/admission/
Maharashtra Bachelor of Science Nursing Common Entrance Test,https://cetcell.mahacet.org/,https://medical2025.mahacet.org/
Maharashtra Common Entrance Test,https://cetcell.mahacet.org/,https://fe2025.mahacet.org/StaticPages/HomePage
Maharashtra Paramedical Common Entrance Test,https://cetcell.mahacet.org/,https://medical2025.mahacet.org/
Maharashtra Polytechnic Entrance Examination,https://poly25.dtemaharashtra.gov.in/,https://poly25.dtemaharashtra.gov.in/diploma25/index.php/hp_controller/instwiseallotment
Manipal Academy of Higher Education Design Entrance Examination,https://manipal.edu/,https://manipal.edu/mu/admission.html
Manipal Entrance Test,https://manipal.edu/mu/admission.html,https://manipal.edu/mu/admission.html
Manipal Media Entrance,https://manipal.edu/smcj.html,https://manipal.edu/mu/admission.html
Manipur Bachelor of Business Administration Entrance Examination,https://www.manipuruniv.ac.in/,https://www.shiksha.com/bba/colleges/bba-colleges-manipur
Manipur Polytechnic Entrance Examination,https://dte.mn.gov.in/,https://dte.mn.gov.in/
Meghalaya Bachelor of Business Administration Entrance Examination,https://www.nehu.ac.in/,https://www.shiksha.com/bba/colleges/bba-colleges-meghalaya
Meghalaya Engineering Entrance Examination,https://megtechedu.gov.in/,https://megtechedu.gov.in/
Meghalaya Polytechnic Entrance Examination,https://megtechedu.gov.in/,https://megtechedu.gov.in/
Military Nursing Service Entrance Examination,https://joinindianarmy.nic.in/,https://joinindianarmy.nic.in/Authentication.aspx
MIT Institute of Design Design Aptitude Test,https://mitid.edu.in/,https://mitid.edu.in/admissions/
MIT Institute of Design Entrance Examination,https://mitid.edu.in/,https://mitid.edu.in/admissions/
MIT Institute of Design Product Design Entrance Examination,https://mitid.edu.in/,https://mitid.edu.in/admissions/
MIT World Peace University Entrance Test,https://mitwpu.edu.in/,https://mitwpu.edu.in/admissions
Mizoram Bachelor of Business Administration Entrance Examination,https://mzu.edu.in/,https://www.shiksha.com/bba/colleges/bba-colleges-mizoram
Mizoram Engineering Entrance Examination,https://mzu.edu.in/,https://mzu.edu.in/
Mizoram Polytechnic Entrance,https://highereducation.mizoram.gov.in/,https://highereducation.mizoram.gov.in/
Nagaland Engineering Entrance Examination,https://dte.nagaland.gov.in/,https://dte.nagaland.gov.in/
Nagaland Polytechnic Entrance,https://dte.nagaland.gov.in/,https://dte.nagaland.gov.in/
Narsee Monjee Institute of Management Studies Law Aptitude Test,https://www.nmims.edu/,https://www.nmims.edu/admission
Narsee Monjee Institute of Management Studies National Test for Programs After Twelfth,https://npat.nmims.edu/,https://npat.nmims.edu/
National Aptitude Test in Architecture,https://www.nata.in/,https://www.nata.in/
National Council for Hotel Management and Catering Technology Joint Entrance Examination,https://exams.nta.ac.in/NCHM/,https://nchmcounselling.nic.in/
National Council for Hotel Management Joint Entrance Examination,https://exams.nta.ac.in/NCHM/,https://nchmcounselling.nic.in/
National Eligibility cum Entrance Test Undergraduate,https://neet.nta.nic.in/,https://mcc.nic.in/
National Entrance Screening Test,https://www.nestexam.in/,https://www.nestexam.in/
National Forensic Sciences University Forensic Science Entrance Examination,https://nfsu.ac.in/,https://nfsu.ac.in/admission
National Institute of Design Design Aptitude Test Toy Design,https://www.nid.edu/,https://admissions.nid.edu/
National Institute of Fashion Technology Entrance Examination,https://www.nift.ac.in/,https://www.nift.ac.in/admission
National Institute of Mental Health and Neuro Sciences Bachelor of Science Neurophysiology Entrance Examination,https://www.nimhans.ac.in/,https://www.nimhans.ac.in/education/admission-notifications/
National Rail and Transportation Institute Transport Technology Entrance Examination,https://gsv.ac.in/,https://gsv.ac.in/admissions/
National Standard Examination,https://www.iapt.org.in/,https://www.iapt.org.in/exams.html
North Eastern Indira Gandhi Regional Institute of Health and Medical Sciences Bachelor of Science Nursing Entrance Examination,https://www.neigrihms.gov.in/,https://www.neigrihms.gov.in/admission/
O. P. Jindal Global University Entrance Test,https://jgu.edu.in/,https://jgu.edu.in/admissions/
Oberoi Systematic Training and Education Programme,https://www.oberoihotels.com/step/,No official cutoff. Selection based on aptitude tests and interviews.
Odisha Diploma Entrance Test,https://skill.samsodisha.gov.in/,https://skill.samsodisha.gov.in/meritlist.aspx
Odisha Joint Entrance Examination,https://ojee.nic.in/,https://ojee.nic.in/publicinfo/public/home.aspx
Odisha Joint Entrance Examination Agriculture,https://ojee.nic.in/,https://ojee.nic.in/publicinfo/public/home.aspx
Odisha Polytechnic Entrance Examination,https://skill.samsodisha.gov.in/,https://skill.samsodisha.gov.in/
Odisha University of Agriculture and Technology Entrance Examination,https://ouat.nic.in/,https://ouat.nic.in/admissions/
Online Facilitation System for Students Bihar University Admission,https://www.ofssbihar.in/,https://www.ofssbihar.in/Higher-Education/index.aspx
Panjab University Design Entrance Examination,https://design.puchd.ac.in/,https://design.puchd.ac.in/show-noticeboard.php
Panjab University Undergraduate Law Entrance Test,https://pglaw.puchd.ac.in/,https://uglaw.puchd.ac.in/
Paramedical State Common Entrance Test,State-specific entrance portals,"Use respective state counselling portals (e.g., WBJEE JENPAS, ABVMU CPNET, RUHS Paramedical)"
Parul University Entrance Test,https://paruluniversity.ac.in/,https://admissions.paruluniversity.ac.in/
Pearl Academy Entrance Examination,https://pearlacademy.com/,https://pearlacademy.com/admissions/
PES Scholastic Aptitude Test,https://www.pessat.com/,https://www.pessat.com/
Plaksha University Undergraduate Tech Entrance Test,https://plaksha.edu.in/,https://plaksha.edu.in/admissions/undergraduate
Pradhan Mantri Kaushal Vikas Yojana,https://www.pmkvyofficial.org/,No official cutoff. Eligibility/skill certification-based programme
Presidency University Bachelor Degree Entrance Test,https://presiuniv.ac.in/,https://presiuniv.ac.in/web/admission.php
Presidency University Entrance Test,https://presiuniv.ac.in/,https://presiuniv.ac.in/web/admission.php
Puducherry Bachelor of Business Administration Entrance Examination,https://www.pondiuni.edu.in/,https://www.shiksha.com/university/pondicherry-university-puducherry-25056/course-bba-363521
Puducherry Polytechnic Entrance,https://dte.py.gov.in/,https://dte.py.gov.in/
Punjab Bachelor of Business Administration Entrance Examination,https://www.punjabiuniversity.ac.in/,https://www.shiksha.com/university/panjab-university-chandigarh-4026/course-bba-1107291 (Shiksha)
Punjab Joint Entrance Test Diploma,https://punjabteched.com/,https://punjabteched.com/Default.aspx
Punjab Para Medical Entrance Test Baba Farid University of Health Sciences,https://bfuhs.ac.in/,https://bfuhs.ac.in/AllNotifications.aspx
Punjab State Board of Technical Education Polytechnic Admission Test,https://punjabteched.com/,https://punjabteched.com/Default.aspx
Rabindra Bharati University Entrance,https://rbu.ac.in/,https://rbu.ac.in/home/admission
Raffles Design Entrance Examination,https://rafflesdesigninstitute.edu.in/,https://rafflesdesigninstitute.edu.in/admissions/
Rajasthan Bachelor of Business Administration Entrance Examination,https://hte.rajasthan.gov.in/,https://www.shiksha.com/bba/colleges/bba-colleges-rajasthan (Shiksha)
Rajasthan Engineering Admission Process,https://reap2025.com/,https://reap2025.com/seat-allotment.php
Rajasthan Polytechnic Entrance Examination,https://dte.rajasthan.gov.in/,https://hteapp.hte.rajasthan.gov.in/dte/polytechnic/
Rajasthan Pre Bachelor of Education and Basic School Teaching Certificate Entrance Examination,https://ptetvmoukota2025.in/,https://ptetvmoukota2025.in/
Rajasthan Pre Veterinary Test,https://rajuvas.org/,https://rajuvas.org/admission.php
Rajasthan University Law Entrance Test,https://www.uniraj.ac.in/,https://admissions.univraj.org/rul/
Rajasthan University of Health Sciences Bachelor of Science Nursing Entrance Examination,https://www.ruhsraj.org/,https://www.ruhsraj.org/admission/
Rajasthan University of Health Sciences Entrance Examination,https://www.ruhsraj.org/,https://www.ruhsraj.org/admission/
Rajasthan University of Health Sciences Paramedical Entrance Examination,https://www.ruhsraj.org/,https://www.ruhsraj.org/admission/
Rajiv Gandhi Institute of Petroleum Technology Bachelor of Technology Entrance Examination,https://www.rgipt.ac.in/,https://www.rgipt.ac.in/admission.html
Rashtriya Raksha University (Police),https://rru.ac.in/,https://rru.ac.in/admissions/
REVA University Entrance Test,https://www.reva.edu.in/,https://www.reva.edu.in/admissions
School of Fashion India Entrance Test,https://www.schooloffashion.in/,https://www.schooloffashion.in/admissions
School of Fashion Technology Entrance Test,https://www.soft.ac.in/,https://www.soft.ac.in/admission/
Sharda University Admission Test,https://www.sharda.ac.in/admissions/suat,https://www.sharda.ac.in/admissions/suat
Sharda University Admission Test Engineering,https://www.sharda.ac.in/admissions/suat,https://www.sharda.ac.in/admissions/suat
Shiv Nadar University Entrance Test,https://snu.edu.in/home/admissions/,https://snu.edu.in/home/admissions/undergraduate/
Shiv Nadar University Management Aptitude Test and Entrance Examination,https://snu.edu.in/home/admissions/,https://snu.edu.in/home/admissions/
Shiv Nadar University Scholastic Aptitude Test,https://snu.edu.in/home/admissions/,https://snu.edu.in/home/admissions/undergraduate/
Sikkim Bachelor of Business Administration Entrance Examination,https://cus.ac.in/,https://www.shiksha.com/university/sikkim-manipal-university-gangtok-3132/course-bba-167176
Sikkim Manipal University Design Entrance Examination,https://smu.edu.in/smu.html,https://smu.edu.in/smu/admissions.html
Sikkim Manipal University Entrance Test,https://smu.edu.in/smu.html,https://smu.edu.in/smu/admissions.html
Sikkim Polytechnic Entrance Examination,https://sikkim.gov.in/departments/department-of-human-resource-development,https://sikkim.gov.in/departments/department-of-human-resource-development
Sir Jamsetjee Jeejebhoy School of Art Entrance Examination,https://www.sirjjschoolofart.in/,https://cetcell.mahacet.org/
Somaiya Design Entrance Examination,https://kjsieit.somaiya.edu/en,https://admissions.somaiya.edu/
Srishti Manipal (Design),https://srishtimanipal.edu.in/,https://srishtimanipal.edu.in/admissions.html
SRM Institute Admission Test,https://applications.srmist.edu.in/,https://applications.srmist.edu.in/
SRM Joint Engineering Entrance Examination,https://applications.srmist.edu.in/,https://applications.srmist.edu.in/
St Joseph's University Entrance Examination,https://www.sju.edu.in/,https://www.sju.edu.in/admissions
St Xavier's College Entrance Examination,https://xaviers.edu/main/,https://xaviers.edu/main/index.php/admissions
State Teacher Eligibility Tests,Respective State TET Portals,"Use state-specific TET qualifying marks/result pages (e.g., REET, HTET, CTET-equivalent state portals)"
Swami Vivekananda Yoga Anusandhana Samsthana Bachelor of Science Yoga Entrance Examination,https://svyasa.edu.in/,https://svyasa.edu.in/admissions/
Symbiosis Entrance Test,https://www.set-test.org/,https://www.set-test.org/
Symbiosis Institute of Design Entrance Test,https://www.sid.edu.in/,https://www.sid.edu.in/admissions
Symbiosis Institute Of Media Entrance,https://www.simc.edu/,https://www.simc.edu/admissions
Symbiosis Institute of Technology Engineering Entrance Examination,https://www.sitpune.edu.in/,https://www.sitpune.edu.in/admissions
Symbiosis Law Admission Test,https://www.slat-test.org/,https://www.slat-test.org/
Symbiosis Liberal Arts Entrance,https://ssla.edu.in/,https://ssla.edu.in/admissions
Tamil Nadu Bachelor of Business Administration Entrance Examination,https://www.tngasa.in/,https://www.shiksha.com/bba/colleges/bba-colleges-tamil-nadu
Tamil Nadu Dr Ambedkar Law University Entrance Test,https://tndalu.ac.in/,https://tndalu.ac.in/admission.php
Tamil Nadu Engineering Admissions,https://www.tneaonline.org/,https://www.tneaonline.org/pages/opening-closing-ranks.html
Tamil Nadu Polytechnic Entrance Examination,https://www.tndte.gov.in/,https://www.tndte.gov.in/site/polytechnic-admission/
Tata Institute of Social Sciences Bachelor Admission Test,https://www.tiss.edu/,https://admissions.tiss.edu/
Tata Institute of Social Sciences Bachelor of Vocation Agriculture Entrance Examination,https://www.tiss.edu/,https://admissions.tiss.edu/
Telangana Engineering Agriculture and Pharmacy Common Entrance Test Biology Physics Chemistry Stream,https://eapcet.tgche.ac.in/,https://eapcet.tgche.ac.in/TSEAMCET/EamcetLastRankDetails.aspx
Telangana Law Common Entrance Test,https://lawcet.tgche.ac.in/,https://lawcet.tgche.ac.in/
Telangana State Engineering Agriculture and Medical Common Entrance Test,https://eapcet.tgche.ac.in/,https://eapcet.tgche.ac.in/TSEAMCET/EamcetLastRankDetails.aspx
Telangana State Polytechnic Common Entrance Test,https://polycet.sbtet.telangana.gov.in/,https://polycet.sbtet.telangana.gov.in/
The Design Village Entrance Test,https://www.thedesignvillage.org/,https://www.thedesignvillage.org/admissions
Tripura Board of Joint Entrance Examination,https://tbjee.nic.in/,https://tbjee.nic.in/
Tripura Polytechnic Entrance Examination,https://highereducation.tripura.gov.in/,https://highereducation.tripura.gov.in/
Undergraduate Common Entrance Examination for Design,https://www.uceed.iitb.ac.in/,https://www.uceed.iitb.ac.in/2025/
Unitedworld Institute of Design Entrance Examination,https://www.uid.edu.in/,https://www.uid.edu.in/admissions/
University of Petroleum and Energy Studies Design Entrance Examination,https://www.upes.ac.in/,https://admissions.upes.ac.in/
University of Petroleum and Energy Studies Disaster Management Entrance Examination,https://www.upes.ac.in/,https://admissions.upes.ac.in/
University of Petroleum and Energy Studies Engineering Aptitude Test,https://www.upes.ac.in/,https://admissions.upes.ac.in/
University of Petroleum and Energy Studies Entrance Test,https://www.upes.ac.in/,https://admissions.upes.ac.in/
Uttar Pradesh Combined Agriculture and Technology Entrance Test,https://upcatet.net/,https://upcatet.net/
Uttar Pradesh Combined Paramedical Entrance Test,https://abvmuup.edu.in/,https://abvmuup.edu.in/
Uttar Pradesh Common Nursing Entrance Test,https://abvmuup.edu.in/,https://abvmuup.edu.in/
Uttar Pradesh Paramedical Entrance Test,https://abvmuup.edu.in/,https://abvmuup.edu.in/
Uttar Pradesh State Entrance Examination Abdul Kalam Technical University,https://uptac.admissions.nic.in/,https://uptac.admissions.nic.in/or-cr/
Uttar Pradesh State Entrance Examination Bachelor of Hotel Management and Catering Technology,https://uptac.admissions.nic.in/,https://uptac.admissions.nic.in/or-cr/
Uttarakhand Joint Entrance Examination Polytechnic,https://ubterjeep.co.in/,https://ubterjeep.co.in/
Uttarakhand Nursing Entrance Exam,https://hnbumu.ac.in/,https://hnbumu.ac.in/admissions/
Uttarakhand Paramedical Entrance Exam,https://hnbumu.ac.in/,https://hnbumu.ac.in/admissions/
Uttarakhand State Entrance Examination,https://uktech.ac.in/,https://uktech.ac.in/en/page/admissions
Vellore Institute of Technology Design Entrance Examination,https://vit.ac.in/admissions/ug,https://vit.ac.in/admissions/ug
Vellore Institute of Technology Engineering Entrance Examination,https://viteee.vit.ac.in/,https://viteee.vit.ac.in/
Vogue Institute of Art and Design Entrance Examination,https://voguefashioninstitute.com/,https://voguefashioninstitute.com/admission/
Vogue University Design Entrance Examination,https://voguefashioninstitute.com/,https://voguefashioninstitute.com/admission/
West Bengal Bachelor of Arts Admission,https://wbcap.in/,https://wbcap.in/
West Bengal Joint Entrance Examination,https://wbjeeb.nic.in/wbjee/,https://admissions.nic.in/WBJEEB/Applicant/Report/OpenCloseRank.aspx
"West Bengal Joint Entrance Test for Nursing, Paramedical and Allied Sciences Undergraduate",https://wbjeeb.nic.in/jenpas-ug/,https://wbjeeb.nic.in/jenpas-ug/
West Bengal Paramedical Entrance Test,https://wbjeeb.nic.in/jenpas-ug/,https://wbjeeb.nic.in/jenpas-ug/
Whistling Woods International Design Entrance Examination,https://www.whistlingwoods.net/,https://www.whistlingwoods.net/admissions/
World University of Design Aptitude Test Visual Arts,https://www.worlduniversityofdesign.ac.in/,https://www.worlduniversityofdesign.ac.in/admissions/
World University of Design Entrance Test,https://www.worlduniversityofdesign.ac.in/,https://www.worlduniversityofdesign.ac.in/admissions/
