Exam,CutoffStatus,CollegeDunia,Shiksha,Careers360,CollegeDekho
ACCA FOUNDATION,No Cutoff Exists,https://collegedunia.com/courses/association-of-chartered-certified-accountants-acca,https://www.shiksha.com/search?q=ACCA%20FOUNDATION&rf=searchWidget,https://www.careers360.com/courses-certifications/acca-courses-list-org,https://www.collegedekho.com/courses/association-of-chartered-certified-accountants
Actuarial Common Entrance Test,No Cutoff Exists,https://collegedunia.com/exams/acet,https://www.shiksha.com/search?q=Actuarial%20Common%20Entrance%20Test&rf=searchWidget,https://finance.careers360.com/exams/acet,https://www.collegedekho.com/exam/acet
Advanced Industrial Training Institute Courses Admission,No Cutoff Exists,https://collegedunia.com/e-search?term=Advanced+Industrial+Training+Institute+Courses+Admission,https://www.shiksha.com/college/government-industrial-training-institute-tral-pulwama-214949/courses?rf=searchWidget&landing=ilpcp&isource=csearch,,
Air India Cadet Pilot Program,No Cutoff Exists,https://collegedunia.com/e-search?term=Air+India+Cadet+Pilot+Program,https://www.shiksha.com/college/baa-training-gurgaon-215487/course-indian-cadet-pilot-program-1136233?rf=searchWidget&landing=clp&isource=csearch,https://www.careers360.com/courses/pilot-training-course,
Aligarh Muslim University Entrance Examination – Law,Official Merit List,https://collegedunia.com/exams/amu-ba-llb,https://www.shiksha.com/university/aligarh-muslim-university-29839/course-pg-diploma-in-corporate-laws-industrial-relations-1086083?rf=searchWidget&landing=clp&isource=csearch,https://law.careers360.com/articles/amu-ba-llb,https://www.collegedekho.com/articles/amu-ba-llb-question-paper-answer-key/
Aligarh Muslim University Undergraduate Entrance Test,Official Merit List,https://collegedunia.com/e-search?term=Aligarh+Muslim+University+Undergraduate+Entrance+Test,,https://www.careers360.com/exams/amu-entrance-test,https://www.collegedekho.com/exam/amueee
All India Entrance Examination for Design – Interaction Design,No Cutoff Exists,https://collegedunia.com/exams/aieed,,,
All India Law Entrance Test,Official Cutoff,https://collegedunia.com/exams/ailet,,https://law.careers360.com/exams/ailet,https://www.collegedekho.com/exam/ailet
All India Veterinary Entrance Test,Official Cutoff,https://collegedunia.com/e-search?term=All+India+Veterinary+Entrance+Test,https://www.shiksha.com/engineering/colleges/b-tech-colleges-accepting-jaipur-national-university-combined-entrance-test-india?rf=searchWidget&landing=ctp&isource=csearch,,
ALLIANCE UNIVERSITY ENTRANCE TEST,No Cutoff Exists,https://collegedunia.com/e-search?term=ALLIANCE+UNIVERSITY+ENTRANCE+TEST,https://www.shiksha.com/bba/christ-university-entrance-test-cuet-exam?rf=searchWidget&landing=ep&isource=csearch,https://engineering.careers360.com/exams/aueet,https://www.collegedekho.com/exam/aueet
Amadeus GDS Certification Examination,No Cutoff Exists,https://collegedunia.com/e-search?term=Amadeus+GDS+Certification+Examination,https://www.shiksha.com/hospitality-travel/fares-ticketing/colleges/amadeus-colleges-india?rf=searchWidget,https://www.careers360.com/courses/travel-and-tourism-course,
Amity University Entrance Examination,No Cutoff Exists,https://collegedunia.com/e-search?term=Amity+University+Entrance+Examination,https://www.shiksha.com/search?q=Amity%20University%20Entrance%20Examination&rf=searchWidget,https://engineering.careers360.com/exams/amity-jee,https://www.collegedekho.com/exam/amity-jee
Amrita Engineering Entrance Examination,Official Cutoff,https://collegedunia.com/exams/aeee,https://www.shiksha.com/engineering/aeee-exam?isource=csearch&rf=searchWidget,https://engineering.careers360.com/exams/aeee,https://www.collegedekho.com/exam/aeee
Anant National University Design Entrance Examination,No Cutoff Exists,https://collegedunia.com/university/59309-anant-national-university-anantu-ahmedabad,,https://www.careers360.com/university/anant-national-university-ahmedabad/courses/bdes-idpg,https://www.collegedekho.com/colleges/anant-national-university
Andhra Pradesh Engineering and Agriculture and Pharmacy Common Entrance Test,Official Cutoff,https://collegedunia.com/exams/ap-eapcet,https://www.shiksha.com/search?q=Andhra%20Pradesh%20Engineering%20and%20Agriculture%20and%20Pharmacy%20Common%20Entrance%20Test&rf=searchWidget,https://www.careers360.com/exams/ap-eamcet,https://www.collegedekho.com/exam/ap-eamcet
Andhra Pradesh Law Common Entrance Test,Official Cutoff,https://collegedunia.com/exams/ap-lawcet,https://www.shiksha.com/law/aplawcet-exam?isource=csearch&rf=searchWidget,https://law.careers360.com/exams/ap-lawcet,https://www.collegedekho.com/exam/ap-lawcet
Andhra Pradesh Polytechnic Entrance Examination,Official Cutoff,https://collegedunia.com/exams/ap-polycet,https://www.shiksha.com/college/animal-husbandry-polytechnic-venkataramannagudem-sri-venkateswara-veterinary-university-andhra-pradesh-other-101899?rf=searchWidget&landing=ilp&isource=csearch,https://engineering.careers360.com/exams/ap-polycet,https://www.collegedekho.com/exam/ap-polycet
Apeejay Design Entrance Examination,No Cutoff Exists,https://collegedunia.com/e-search?term=Apeejay+Design+Entrance+Examination,,https://www.careers360.com/university/apeejay-stya-university-sohna/admission,https://www.collegedekho.com/colleges/apeejay-institute-of-design
Armed Forces Medical College Entrance Examination,Official Merit List,https://collegedunia.com/college/10270-armed-forces-medical-college-afmc-pune,https://www.shiksha.com/college/armed-forces-medical-college-wanowrie-pune-22431?rf=searchWidget&landing=ilp&isource=csearch,https://medicine.careers360.com/articles/afmc-mbbs,https://www.collegedekho.com/articles/afmc-mbbs-admission-2022-check-admission-process-cutoff-eligibility-criteria/
Army Institute of Fashion and Design Entrance Examination,No Cutoff Exists,https://collegedunia.com/exams/aifd-wat,https://www.shiksha.com/college/army-institute-of-fashion-and-design-kothanur-bangalore-25016?rf=searchWidget&landing=ilp&isource=csearch,https://design.careers360.com/,https://www.collegedekho.com/exam/aifd-oat
Arunachal Pradesh Polytechnic Entrance Examination,Official Cutoff,https://collegedunia.com/exams/apjee,,https://engineering.careers360.com/articles/polytechnic-admission-2026,https://www.collegedekho.com/articles/arunachal-pradesh-joint-entrance-exam-apjee/
Aryabhatta Knowledge University Entrance Examination,Official Merit List,https://collegedunia.com/e-search?term=Aryabhatta+Knowledge+University+Entrance+Examination,https://www.shiksha.com/university/aku-aryabhatta-knowledge-university-patna-58255?rf=searchWidget&landing=ilp&isource=csearch,https://www.careers360.com/university/aryabhatta-knowledge-university-patna,https://www.collegedekho.com/university/aryabhatta-knowledge-university-aku
Ashoka University Aptitude and Aptitude Test – Interdisciplinary,No Cutoff Exists,https://collegedunia.com/e-search?term=Ashoka+University+Aptitude+and+Aptitude+Test+%E2%80%93+Interdisciplinary,,https://university.careers360.com/download/sample-papers/ashoka-aptitude-assessment-sample-paper-2022,https://www.collegedekho.com/colleges/ashoka-university-qna
Assam Agriculture Entrance Examination,Official Merit List,https://collegedunia.com/e-search?term=Assam+Agriculture+Entrance+Examination,https://www.shiksha.com/search?q=Assam%20Agriculture%20Entrance%20Examination&rf=searchWidget,https://university.careers360.com/exams/aau-cet,https://www.collegedekho.com/university/assam-agricultural-university
Assam Combined Entrance Examination,Official Cutoff,https://collegedunia.com/exams/assam-cee,,https://engineering.careers360.com/exams/assam-cee,https://www.collegedekho.com/exam/assam-cee
Assam Polytechnic Entrance Examination,Official Cutoff,https://collegedunia.com/exams/assam-pat,https://www.shiksha.com/search?q=Assam%20Polytechnic%20Entrance%20Examination&rf=searchWidget,,
Auxiliary Nurse Midwifery Admission,No Cutoff Exists,https://collegedunia.com/e-search?term=Auxiliary+Nurse+Midwifery+Admission,https://www.shiksha.com/college/fatima-institute-of-medical-sciences-gorakhpur-89847/course-auxiliary-nurse-midwifery-anm-1013209?rf=searchWidget&landing=clp&isource=csearch,,
Avantika University Design Entrance Examination,No Cutoff Exists,https://collegedunia.com/e-search?term=Avantika+University+Design+Entrance+Examination,https://www.shiksha.com/university/avantika-university-ujjain-49129/course-b-des-in-communication-design-327837?rf=searchWidget&landing=clp&isource=csearch,https://www.careers360.com/university/avantika-university-ujjain/admission,https://www.collegedekho.com/colleges/avantika-university-admission
AVEE - Assam Veterinary Entrance Examination,Official Merit List,https://collegedunia.com/exams/aau-vet,https://www.shiksha.com/search?q=AVEE%20-%20Assam%20Veterinary%20Entrance%20Examination&rf=searchWidget,https://medicine.careers360.com/exams/aau-vet,
Azim Premji University Undergraduate Entrance Examination,No Cutoff Exists,https://collegedunia.com/e-search?term=Azim+Premji+University+Undergraduate+Entrance+Examination,https://www.shiksha.com/university/azim-premji-university/azim-premji-university-national-entrance-test-net-exam,https://www.careers360.com/university/azim-premji-university-bangalore/admission,https://www.collegedekho.com/university/azim-premji-university
Baba Farid University of Health Sciences Punjab Para Medical Entrance Test,Official Cutoff,https://collegedunia.com/e-search?term=Baba+Farid+University+of+Health+Sciences+Punjab+Para+Medical+Entrance+Test,,https://medicine.careers360.com/exams/ppmet,
Bachelor of Business Administration in Aviation Admission,No Cutoff Exists,https://collegedunia.com/courses/bachelor-of-business-administration-bba-aviation,,https://www.careers360.com/courses/bba-in-aviation,http://collegedekho.com/courses/bba-aviation
Bachelor of Hotel Management and Catering Technology Entrance Exam,Official Cutoff,https://collegedunia.com/exams/mah-bhmct-cet,https://www.shiksha.com/hospitality-travel/colleges/bhmct-college-india?rf=searchWidget,https://hospitality.careers360.com/exams/mah-bhmct-cet,
Bachelor of Science in Aviation Admission,No Cutoff Exists,https://collegedunia.com/courses/bachelor-of-science-bsc-aviation,,https://www.careers360.com/courses/bsc-in-aviation,https://www.collegedekho.com/bsc-aviation-colleges-in-maharashtra/
Bachelor of Science in Nautical Science Admission,Official Cutoff,https://collegedunia.com/courses/bachelor-of-science-bsc-nautical-science,https://www.shiksha.com/search?q=Bachelor%20of%20Science%20in%20Nautical%20Science%20Admission&rf=searchWidget,https://www.careers360.com/courses/bsc-in-nautical-science,https://www.collegedekho.com/courses/bsc-in-nautical-science
Banaras Hindu University Undergraduate Entrance Test – Law,Official Cutoff,https://collegedunia.com/exams/blat,,https://law.careers360.com/articles/bhu-llb,https://www.collegedekho.com/articles/bhu-llb-merit-list/
Bennett University Engineering Entrance Test,No Cutoff Exists,https://collegedunia.com/e-search?term=Bennett+University+Engineering+Entrance+Test,https://www.shiksha.com/university/bennett-university-greater-noida-48472/course-b-tech-in-computer-science-and-engineering-248740?rf=searchWidget&landing=clp&isource=csearch,https://www.careers360.com/university/bennett-university-greater-noida,https://www.collegedekho.com/colleges/bennett-university
Bharati Vidyapeeth Common Entrance Test,Official Merit List,https://collegedunia.com/exams/bvp-cet,https://www.shiksha.com/search?q=Bharati%20Vidyapeeth%20Common%20Entrance%20Test&rf=searchWidget,https://www.careers360.com/exams/bvp-cet,
Bihar Combined Entrance Competitive Examination,Official Cutoff,https://collegedunia.com/exams/bcece,,https://engineering.careers360.com/exams/bcece,https://www.collegedekho.com/exam/bcece
Bihar Engineering Entrance Examination,Official Cutoff,https://collegedunia.com/exams/bcece,,,
Bihar Polytechnic Common Entrance Competitive Examination,Official Cutoff,https://collegedunia.com/exams/dcece,,https://engineering.careers360.com/exams/dcece,https://www.collegedekho.com/exam/dcece
Bihar Sanskrit Studies Entrance,No Cutoff Exists,https://collegedunia.com/e-search?term=Bihar+Sanskrit+Studies+Entrance,,,
Birla Institute of Technology and Science Admission Test,Official Cutoff,https://collegedunia.com/exams/bitsat,https://www.shiksha.com/search?q=Birla%20Institute%20of%20Technology%20and%20Science%20Admission%20Test&rf=searchWidget,https://www.careers360.com/exams/bitsat,https://www.collegedekho.com/exam/bitsat
Birla Institute of Technology Mesra Entrance Examination,Official Cutoff,https://collegedunia.com/e-search?term=Birla+Institute+of+Technology+Mesra+Entrance+Examination,https://www.shiksha.com/university/birla-institute-of-technology-mesra-ranchi-24087?rf=searchWidget&landing=ilp&isource=csearch,,https://www.collegedekho.com/colleges/bit-mesra-admission
Cabin Crew Training Programme Admission,No Cutoff Exists,https://collegedunia.com/e-search?term=Cabin+Crew+Training+Programme+Admission,https://www.shiksha.com/college/iifly-aviation-training-centre-andheri-east-mumbai-29918/course-diploma-in-cabin-crew-airhostess-120994?rf=searchWidget&landing=clp&isource=csearch,,
Central Sanskrit University Entrance Examination – Sanskrit Studies,Official Merit List,https://collegedunia.com/e-search?term=Central+Sanskrit+University+Entrance+Examination+%E2%80%93+Sanskrit+Studies,,https://www.careers360.com/university/central-sanskrit-university-new-delhi/admission,
Central Teacher Eligibility Test,No Cutoff Exists,https://collegedunia.com/exams/ctet,https://www.shiksha.com/online-courses/central-teacher-eligibility-test-certification?q=Central%20Teacher%20Eligibility%20Test,https://competition.careers360.com/exams/ctet,https://www.collegedekho.com/exam/ctet
Chandigarh Polytechnic Entrance,Official Cutoff,https://collegedunia.com/e-search?term=Chandigarh+Polytechnic+Entrance,,,
Chandigarh University Common Entrance Test,No Cutoff Exists,https://collegedunia.com/e-search?term=Chandigarh+University+Common+Entrance+Test,https://www.shiksha.com/engineering/cucet-chandigarh-university-exam?isource=csearch&rf=searchWidget,https://www.careers360.com/exams/chandigarh-university-cucet,
Chandigarh University Common Entrance Test – Engineering,No Cutoff Exists,https://collegedunia.com/e-search?term=Chandigarh+University+Common+Entrance+Test+%E2%80%93+Engineering,https://www.shiksha.com/college/symbiosis-international-university-s-set-symbiosis-entrance-test-undergraduate-degree-programmes-telangana-rangareddy-hyderabad-48602/course-b-tech-in-computer-science-and-engineering-sit-hyderabad-304007?rf=searchWidget&landing=clp&isource=csearch,https://www.careers360.com/exams/chandigarh-university-cucet,https://www.collegedekho.com/exam/cuet
Chartered Accountancy Final Examination,No Cutoff Exists,https://collegedunia.com/e-search?term=Chartered+Accountancy+Final+Examination,,https://finance.careers360.com/exams/ca-final-exam,https://www.collegedekho.com/exam/ca-final
Chartered Accountancy Foundation Examination,No Cutoff Exists,https://collegedunia.com/e-search?term=Chartered+Accountancy+Foundation+Examination,https://www.shiksha.com/college/international-school-for-financial-studies-secunderabad-57757/course-chartered-accountancy-foundation-320121?rf=searchWidget&landing=clp&isource=csearch,https://finance.careers360.com/exams/ca-foundation-exam,https://www.collegedekho.com/exam/ca-foundation
Chartered Accountancy Intermediate Examination,No Cutoff Exists,https://collegedunia.com/e-search?term=Chartered+Accountancy+Intermediate+Examination,https://www.shiksha.com/college/international-school-for-financial-studies-secunderabad-57757/course-chartered-accountancy-intermediate-320123?rf=searchWidget&landing=clp&isource=csearch,https://finance.careers360.com/exams/ca-intermediate-exam,https://www.collegedekho.com/exam/ca-intermediate
Chennai Mathematical Institute Entrance Examination,Official Merit List,https://collegedunia.com/e-search?term=Chennai+Mathematical+Institute+Entrance+Examination,https://www.shiksha.com/university/chennai-mathematical-institute-cmi-2449?rf=searchWidget&landing=ilp&isource=csearch,https://www.careers360.com/university/chennai-mathematical-institute-chennai/admission,
Chhattisgarh Agriculture Entrance Examination,Official Cutoff,https://collegedunia.com/e-search?term=Chhattisgarh+Agriculture+Entrance+Examination,https://www.shiksha.com/science/colleges/agriculture-colleges-india?rf=searchWidget,,http://collegedekho.com/exam/cg-pat
Chhattisgarh Pre Engineering Test,Official Cutoff,https://collegedunia.com/e-search?term=Chhattisgarh+Pre+Engineering+Test,https://www.shiksha.com/engineering/cg-pet-exam?isource=csearch&rf=searchWidget,https://engineering.careers360.com/exams/cg-pet,https://www.collegedekho.com/exam/cg-pet
Chhattisgarh Pre Pharmacy and Health Sciences Test,Official Cutoff,https://collegedunia.com/e-search?term=Chhattisgarh+Pre+Pharmacy+and+Health+Sciences+Test,https://www.shiksha.com/medicine-health-sciences/pharmacy/ranking/top-pharmacy-colleges-in-chhattisgarh/117-2-104-0-0,,
Chhattisgarh Pre Polytechnic Test,Official Cutoff,https://collegedunia.com/exams/cg-ppt,https://www.shiksha.com/exams/cg-ppt-exam?isource=csearch&rf=searchWidget,https://engineering.careers360.com/exams/cg-ppt,https://www.collegedekho.com/exam/cg-ppt
Chhattisgarh Sanskrit Studies Entrance,No Cutoff Exists,https://collegedunia.com/e-search?term=Chhattisgarh+Sanskrit+Studies+Entrance,,https://www.careers360.com/colleges/shri-rameshwar-gahira-guru-sanskrit-mahavidyalaya-jashpur/admission,https://www.collegedekho.com/articles/national-sanskrit-university-ug-admission-through-cuet/?utm_source=chatgpt.com
Christ University Entrance Examination,No Cutoff Exists,https://collegedunia.com/e-search?term=Christ+University+Entrance+Examination,https://www.shiksha.com/bba/christ-university-entrance-test-cuet-exam?rf=searchWidget&landing=ep&isource=csearch,https://www.careers360.com/exams/christ-university-entrance-test,https://www.collegedekho.com/exam/christ-university-entrance-test
Christ University Law Entrance Examination,No Cutoff Exists,https://collegedunia.com/e-search?term=Christ+University+Law+Entrance+Examination,https://www.shiksha.com/bba/christ-university-entrance-test-cuet-exam-application-form?rf=searchWidget&landing=ecp&isource=csearch,,
Cochin University of Science and Technology Combined Admission Test – Marine Engineering,Official Cutoff,https://collegedunia.com/e-search?term=Cochin+University+of+Science+and+Technology+Combined+Admission+Test+%E2%80%93+Marine+Engineering,,https://www.careers360.com/exams/cusat-cat,https://www.collegedekho.com/exam/cusat-cat
College of Art Chandigarh Entrance Examination,Official Merit List,https://collegedunia.com/e-search?term=College+of+Art+Chandigarh+Entrance+Examination,https://www.shiksha.com/college/government-college-of-arts-chandigarh-29707?rf=searchWidget&landing=ilp&isource=csearch,,
Common Design Entrance Examination,Official Cutoff,http://collegedunia.com/e-search?term=Common+Design+Entrance+Examination,https://www.shiksha.com/design/colleges/colleges-india?rf=searchWidget&sb[]=50&sb[]=51&sb[]=53&sb[]=39&sb[]=24&sb[]=43&sb[]=45,https://design.careers360.com/exams/ceed,https://www.collegedekho.com/exam/ceed
Common Law Admission Test – Undergraduate,Official Cutoff,https://collegedunia.com/exams/clat,,https://law.careers360.com/exams/clat,https://www.collegedekho.com/exam/clat
Common University Entrance Test – Undergraduate,No Cutoff Exists,https://collegedunia.com/exams/cuet,,https://university.careers360.com/exams/cuet-ug,https://www.collegedekho.com/exam/cuet
Company Secretary Executive Entrance Test,No Cutoff Exists,https://collegedunia.com/exams/cseet,https://www.shiksha.com/college/icsi-delhi-institute-of-company-secretaries-of-india-lodi-colony-1633/course-integrated-company-secretary-executive-professional-389567?rf=searchWidget&landing=clp&isource=csearch,https://finance.careers360.com/exams/cs-executive,
Consortium of Medical Engineering and Dental Colleges of Karnataka Undergraduate Entrance Test,Official Cutoff,https://collegedunia.com/e-search?term=Consortium+of+Medical+Engineering+and+Dental+Colleges+of+Karnataka+Undergraduate+Entrance+Test,https://www.shiksha.com/search?q=Consortium%20of%20Medical%20Engineering%20and%20Dental%20Colleges%20of%20Karnataka%20Undergraduate&s[]=18&s[]=2&sb[]=32&st[]=106&pn=1&apk=false&skr=false&rURL=true&pt=assistant&isource=csearch&rf=searchWidget,https://engineering.careers360.com/exams/comedk-uget,https://www.collegedekho.com/exam/comedk-uget
Cost Management Accountancy Foundation Examination,No Cutoff Exists,https://collegedunia.com/e-search?term=Cost+Management+Accountancy+Foundation+Examination,https://www.shiksha.com/college/navkar-institute-memnagar-ahmedabad-28281/course-cost-and-management-accountant-foundation-level-164436?rf=searchWidget&landing=clp&isource=csearch,https://finance.careers360.com/exams/cma-foundation,
Craft Instructor Training Scheme Admission,Official Cutoff,https://collegedunia.com/e-search?term=Craft+Instructor+Training+Scheme+Admission,https://www.shiksha.com/search?q=Craft%20Instructor%20Training%20Scheme%20Admission&rf=searchWidget,,
Dadra & Nagar Haveli Polytechnic Entrance,Official Merit List,https://collegedunia.com/e-search?term=Dadra+%26+Nagar+Haveli+Polytechnic+Entrance,https://www.shiksha.com/medicine-health-sciences/colleges/colleges-dadra-and-nagar-haveli?rf=searchWidget&landing=ctp&isource=csearch,,
DAIICT Entrance Test,Official Cutoff,https://collegedunia.com/e-search?term=DAIICT+Entrance+Test,https://ask.shiksha.com/what-is-the-opening-and-closing-rank-for-daiict-gandhi-nagar-for-other-state-students-in-jee-mains-qna-4076747?rf=searchWidget&landing=qdp&isource=csearch,https://www.careers360.com/university/dhirubhai-ambani-university-gandhinagar/admission,
Defence Institute of Advanced Technology Entrance Examination,Official Merit List,https://collegedunia.com/e-search?term=Defence+Institute+of+Advanced+Technology+Entrance+Examination,https://www.shiksha.com/college/defence-institute-of-advanced-technology-pune-65105?rf=searchWidget&landing=ilp&isource=csearch,,
Delhi College of Art Entrance Examination,Official Merit List,https://collegedunia.com/e-search?term=Delhi+College+of+Art+Entrance+Examination,https://www.shiksha.com/college/delhi-college-of-arts-and-commerce-university-of-delhi-netaji-nagar-23932?rf=searchWidget&landing=ilp&isource=csearch,https://www.careers360.com/university/defence-institute-of-advanced-technology-pune/admission,
Delhi Common Entrance Test for Polytechnic Admission,Official Cutoff,https://collegedunia.com/e-search?term=Delhi+Common+Entrance+Test+for+Polytechnic+Admission,https://www.shiksha.com/search?q=Delhi%20Common%20Entrance%20Test%20for%20Polytechnic%20Admission&rf=searchWidget,https://engineering.careers360.com/exams/delhi-cet,https://www.collegedekho.com/exam/delhi-cet
Diploma in Aviation Admission,No Cutoff Exists,https://collegedunia.com/e-search?term=Diploma+in+Aviation+Admission,,,
Dual System Training Admission,No Cutoff Exists,https://collegedunia.com/e-search?term=Dual+System+Training+Admission,,,
English and Foreign Languages University Entrance Examination – Pashto and Persian,Official Merit List,https://collegedunia.com/e-search?term=English+and+Foreign+Languages+University+Entrance+Examination+%E2%80%93+Pashto+and+Persian,,,
FLAME University Entrance Examination,No Cutoff Exists,https://collegedunia.com/e-search?term=FLAME+University+Entrance+Examination,https://www.shiksha.com/search?q=FLAME%20University%20Entrance%20Examination&rf=searchWidget,https://www.careers360.com/university/flame-university-pune/admission,https://www.collegedekho.com/colleges/flame-university-admission?utm_source=chatgpt.com
Footwear Design and Development Institute All India Selection Test,Official Merit List,https://collegedunia.com/e-search?term=Footwear+Design+and+Development+Institute+All+India+Selection+Test,https://www.shiksha.com/college/footwear-design-and-development-institute-hyderabad-110929?isource=csearch&rf=searchWidget,https://design.careers360.com/articles/what-is-fddi,https://www.collegedekho.com/exam/fddi-aist?utm_source=chatgpt.com
Frankfinn Institute of Air Hostess Training Entrance Test,No Cutoff Exists,https://collegedunia.com/e-search?term=Frankfinn+Institute+of+Air+Hostess+Training+Entrance+Test,https://www.shiksha.com/college/frankfinn-institute-of-air-hostess-training-rajouri-garden-delhi-47223?rf=searchWidget&landing=ilp&isource=csearch,https://hospitality.careers360.com/articles/frankfinn-institute-of-air-hostess-training-admission-procedure?utm_source=chatgpt.com,https://www.collegedekho.com/articles/frankfinn-institute-of-air-hostess-training-admission-procedure/?utm_source=chatgpt.com
Galgotias University Entrance Test,No Cutoff Exists,https://collegedunia.com/e-search?term=Galgotias+University+Entrance+Test,,https://www.careers360.com/university/galgotias-university-greater-noida/admission,
Galileo Global Distribution System Certification Examination,No Cutoff Exists,https://collegedunia.com/e-search?term=Galileo+Global+Distribution+System+Certification+Examination,,,
General Nursing and Midwifery Admission,No Cutoff Exists,https://collegedunia.com/e-search?term=General+Nursing+and+Midwifery+Admission,https://www.shiksha.com/college/kamala-nehru-memorial-hospital-school-of-general-nursing-and-midwifery-allahabad-199835/admission?rf=searchWidget&landing=ilpcp&isource=csearch,,
General Purpose Rating Course Admission,No Cutoff Exists,https://collegedunia.com/e-search?term=General+Purpose+Rating+Course+Admission,https://www.shiksha.com/college/u-v-patel-college-of-engineering-ganpat-university-mehsana-53520/course-general-purpose-rating-marine-841081?rf=searchWidget&landing=clp&isource=csearch,,
GLS University Design Entrance Examination,No Cutoff Exists,https://collegedunia.com/e-search?term=GLS+University+Design+Entrance+Examination,,https://www.careers360.com/university/gls-university-ahmedabad/admission,
Goa Common Entrance Test,Official Cutoff,https://collegedunia.com/e-search?term=Goa+Common+Entrance+Test,https://www.shiksha.com/engineering/gcet-exam?isource=csearch&rf=searchWidget,,
Goa Common Entrance Test – Engineering,Official Cutoff,https://collegedunia.com/e-search?term=Goa+Common+Entrance+Test+%E2%80%93+Engineering,,https://engineering.careers360.com/exams/gcet,
Goa Polytechnic Entrance Examination,Official Cutoff,https://collegedunia.com/e-search?term=Goa+Polytechnic+Entrance+Examination,,,
Graphic Era University Entrance Test,No Cutoff Exists,https://collegedunia.com/e-search?term=Graphic+Era+University+Entrance+Test,https://www.shiksha.com/university/graphic-era-deemed-to-be-university-dehradun-22612?rf=searchWidget&landing=ilp&isource=csearch,https://www.careers360.com/university/graphic-era-university-dehradun/admission,https://www.collegedekho.com/colleges/graphic-era-university-admission
Gujarat Common Entrance Test,Official Cutoff,https://collegedunia.com/e-search?term=Gujarat+Common+Entrance+Test,https://www.shiksha.com/engineering/gujcet-exam?isource=csearch&rf=searchWidget,https://www.careers360.com/exams/gujcet,https://www.collegedekho.com/exam/gujcet
Gujarat Common Entrance Test – Medical and Pharmacy,Official Cutoff,https://collegedunia.com/e-search?term=Gujarat+Common+Entrance+Test+%E2%80%93+Medical+and+Pharmacy,,https://www.careers360.com/exams/gujcet,https://www.collegedekho.com/exam/gujcet
Gujarat Common Entrance Test – Polytechnic,Official Cutoff,https://collegedunia.com/e-search?term=Gujarat+Common+Entrance+Test+%E2%80%93+Polytechnic,,,
Guru Gobind Singh Indraprastha University Common Entrance Test,Official Cutoff,https://collegedunia.com/e-search?term=Guru+Gobind+Singh+Indraprastha+University+Common+Entrance+Test,https://www.shiksha.com/search?q=Guru%20Gobind%20Singh%20Indraprastha%20University%20Common%20Entrance%20Test&rf=searchWidget,https://university.careers360.com/exams/ipu-cet,https://www.collegedekho.com/exam/ipu-cet
Guru Gobind Singh Indraprastha University Common Entrance Test for Bachelor of Hotel Management and Catering Technology,Official Cutoff,https://collegedunia.com/e-search?term=Guru+Gobind+Singh+Indraprastha+University+Common+Entrance+Test+for+Bachelor+of+Hotel+Management+and+Catering+Technology,https://www.shiksha.com/search?q=Guru%20Gobind%20Singh%20Indraprastha%20University%20Common%20Entrance%20Test%20for%20Bachelor%20of%20H&rf=searchWidget,https://university.careers360.com/exams/ipu-cet,https://www.collegedekho.com/exam/ipu-cet
Guru Gobind Singh Indraprastha University Common Entrance Test for Bachelor of Journalism and Mass Communication,Official Cutoff,https://collegedunia.com/e-search?term=Guru+Gobind+Singh+Indraprastha+University+Common+Entrance+Test+for+Bachelor+of+Journalism+and+Mass+Communication,https://www.shiksha.com/search?q=Guru%20Gobind%20Singh%20Indraprastha%20University%20Common%20Entrance%20Test%20for%20Bachelor%20of%20J&rf=searchWidget,https://university.careers360.com/exams/ipu-cet,https://www.collegedekho.com/exam/ipu-cet
Haryana Agriculture Entrance Examination,Official Merit List,https://collegedunia.com/e-search?term=Haryana+Agriculture+Entrance+Examination,,,
Haryana Bachelor of Arts Entrance Examination,Official Merit List,https://collegedunia.com/e-search?term=Haryana+Bachelor+of+Arts+Entrance+Examination,,,
Haryana Bachelor of Business Administration Admission,Official Merit List,https://collegedunia.com/e-search?term=Haryana+Bachelor+of+Business+Administration+Admission,,https://www.careers360.com/courses/bba-bachelor-of-business-administration,
Himachal Pradesh Bachelor of Arts Entrance Examination,Official Merit List,https://collegedunia.com/e-search?term=Himachal+Pradesh+Bachelor+of+Arts+Entrance+Examination,https://www.shiksha.com/college/department-of-evening-studies-himachal-pradesh-university-shimla-132611/course-bachelor-of-arts-b-a-651857?rf=searchWidget&landing=clp&isource=csearch,,
Himachal Pradesh Bachelor of Business Administration Admission,Official Merit List,https://collegedunia.com/e-search?term=Himachal+Pradesh+Bachelor+of+Business+Administration+Admission,https://www.shiksha.com/university/himachal-pradesh-university-shimla-22226/course-bachelor-of-business-administration-bba-59436?rf=searchWidget&landing=clp&isource=csearch,https://www.careers360.com/courses/bba-bachelor-of-business-administration,
Himachal Pradesh Common Entrance Test,Official Cutoff,https://collegedunia.com/e-search?term=Himachal+Pradesh+Common+Entrance+Test,https://www.shiksha.com/engineering/hpcet-exam?isource=csearch&rf=searchWidget,https://www.careers360.com/exams/hpcet,https://www.collegedekho.com/exam/hpcet
Himachal Pradesh Polytechnic Admission Test,Official Cutoff,https://collegedunia.com/e-search?term=Himachal+Pradesh+Polytechnic+Admission+Test,https://www.shiksha.com/exams/hp-pat-exam?isource=csearch&rf=searchWidget,,
Himachal Pradesh Polytechnic Entrance,Official Cutoff,https://collegedunia.com/e-search?term=Himachal+Pradesh+Polytechnic+Entrance,https://www.shiksha.com/search?q=Himachal%20Pradesh%20Polytechnic%20Entrance&rf=searchWidget,,
ICFAI Technology School Admission Test,No Cutoff Exists,https://collegedunia.com/e-search?term=ICFAI+Technology+School+Admission+Test,,,https://www.collegedekho.com/exam/itsat
IMS Design and Innovation Academy Entrance Examination,No Cutoff Exists,https://collegedunia.com/e-search?term=IMS+Design+and+Innovation+Academy+Entrance+Examination,https://www.shiksha.com/search?q=IMS%20Design%20and%20Innovation%20Academy%20Entrance%20Examination&rf=searchWidget,,
Indian Council of Agricultural Research All India Entrance Examination for Admission Undergraduate,Official Cutoff,https://collegedunia.com/e-search?term=Indian+Council+of+Agricultural+Research+All+India+Entrance+Examination+for+Admission+Undergraduate,https://www.shiksha.com/search?q=Indian%20Council%20of%20Agricultural%20Research%20All%20India%20Entrance%20Examination%20for%20Admis&rf=searchWidget,https://university.careers360.com/exams/icar-aieea,https://www.collegedekho.com/exam/icar-aieea
Indian Institute of Art and Design Entrance Test,No Cutoff Exists,https://collegedunia.com/e-search?term=Indian+Institute+of+Art+and+Design+Entrance+Test,https://www.shiksha.com/search?q=Indian%20Institute%20of%20Art%20and%20Design%20Entrance%20Test&rf=searchWidget,,https://www.collegedekho.com/exam/iiad-entrance-exam
Indian Institute of Foreign Trade Entrance Examination,Official Cutoff,https://collegedunia.com/e-search?term=Indian+Institute+of+Foreign+Trade+Entrance+Examination,https://www.shiksha.com/search?q=Indian%20Institute%20of%20Foreign%20Trade%20Entrance%20Examination&rf=searchWidget,,https://www.collegedekho.com/exam/iift
Indian Institute of Petroleum and Energy Entrance Examination,Official Cutoff,https://collegedunia.com/e-search?term=Indian+Institute+of+Petroleum+and+Energy+Entrance+Examination,https://www.shiksha.com/search?q=Indian%20Institute%20of%20Petroleum%20and%20Energy%20Entrance%20Examination&rf=searchWidget,,
Indian Institute of Science Bachelor of Science Research Admission,Official Cutoff,https://collegedunia.com/e-search?term=Indian+Institute+of+Science+Bachelor+of+Science+Research+Admission,https://www.shiksha.com/search?q=Indian%20Institute%20of%20Science%20Bachelor%20of%20Science%20Research%20Admission&rf=searchWidget,,
Indian Institute of Space Science and Technology Admission,Official Cutoff,https://collegedunia.com/e-search?term=Indian+Institute+of+Space+Science+and+Technology+Admission,https://www.shiksha.com/university/iist-indian-institute-of-space-science-and-technology-thiruvananthapuram-25141/admission?isource=csearch&rf=searchWidget,https://www.careers360.com/university/indian-institute-of-space-science-and-technology-thiruvananthapuram/admission,
Indian Institutes of Science Education and Research Aptitude Test,Official Cutoff,https://collegedunia.com/e-search?term=Indian+Institutes+of+Science+Education+and+Research+Aptitude+Test,https://www.shiksha.com/science/iiser-entrance-exam?isource=csearch&rf=searchWidget,,https://www.collegedekho.com/exam/iiser-aptitude-test
Indian Maritime University Common Entrance Test,Official Cutoff,https://collegedunia.com/e-search?term=Indian+Maritime+University+Common+Entrance+Test,https://www.shiksha.com/engineering/imucet-exam?isource=csearch&rf=searchWidget,https://www.careers360.com/exams/imu-cet,https://www.collegedekho.com/exam/imu-cet
Indira Gandhi National Tribal University Entrance Examination Folk Literature,Official Merit List,https://collegedunia.com/e-search?term=Indira+Gandhi+National+Tribal+University+Entrance+Examination+Folk+Literature,https://www.shiksha.com/university/indira-gandhi-national-tribal-university-madhya-pradesh-other-50182/course-discontinued-nov-2024-b-a-in-tribal-studies-art-culture-and-folk-literature-770115?rf=searchWidget&landing=clp&isource=csearch,,
Indira Gandhi Rashtriya Uran Akademi Entrance Examination,No Cutoff Exists,https://collegedunia.com/e-search?term=Indira+Gandhi+Rashtriya+Uran+Akademi+Entrance+Examination,https://www.shiksha.com/college/indira-gandhi-rashtriya-uran-akademi-delhi-29265?rf=searchWidget&landing=ilp&isource=csearch,,
Indira Kala Sangeet University Entrance,Official Merit List,https://collegedunia.com/e-search?term=Indira+Kala+Sangeet+University+Entrance,https://www.shiksha.com/college/mit-vishwashanti-sangeet-kala-academy-mit-adt-university-loni-kalbhor-pune-51993/course-bpa-in-dance-278147?rf=searchWidget&landing=clp&isource=csearch,,
Industrial Training Institute Admission National Council for Vocational Training,No Cutoff Exists,https://collegedunia.com/e-search?term=Industrial+Training+Institute+Admission+National+Council+for+Vocational+Training,https://www.shiksha.com/college/national-teachers-training-college-for-girls-alwar-145085/admission?rf=searchWidget&landing=ilpcp&isource=csearch,https://www.careers360.com/courses/iti-industrial-training-institutes?utm_source=chatgpt.com,
Industrial Training Institute Admission State Council for Vocational Training,No Cutoff Exists,https://collegedunia.com/e-search?term=Industrial+Training+Institute+Admission+State+Council+for+Vocational+Training,https://www.shiksha.com/search?q=Industrial%20Training%20Institute%20Admission%20State%20Council%20for%20Vocational%20Training&rf=searchWidget,https://engineering.careers360.com/articles/iti-admission?utm_source=chatgpt.com,https://www.collegedekho.com/colleges/industrial-training-institute-admission?utm_source=chatgpt.com
Industrial Training Institute Trades Admission,No Cutoff Exists,https://collegedunia.com/e-search?term=Industrial+Training+Institute+Trades+Admission,https://www.shiksha.com/college/government-industrial-training-institute-tral-pulwama-214949?rf=searchWidget&landing=ilp&isource=csearch,https://www.careers360.com/courses/iti-industrial-training-institutes?utm_source=chatgpt.com,
Institute of Hotel Management Aurangabad Entrance Test,No Cutoff Exists,https://collegedunia.com/e-search?term=Institute+of+Hotel+Management+Aurangabad+Entrance+Test,https://www.shiksha.com/college/ihm-aurangabad-institute-of-hotel-management-3019?rf=searchWidget&landing=ilp&isource=csearch,,https://www.collegedekho.com/articles/ihm-aurangabad-entrance-exam/?utm_source=chatgpt.com
Institute of Hotel Management Catering Technology Entrance Vegetarian Culinary Arts,Official Cutoff,https://collegedunia.com/e-search?term=Institute+of+Hotel+Management+Catering+Technology+Entrance+Vegetarian+Culinary+Arts,https://www.shiksha.com/college/institute-of-hotel-management-and-catering-technology-bharati-vidyapeeth-dhankawadi-pune-26572/admission?isource=csearch&rf=searchWidget,,https://www.collegedekho.com/articles/ihm-aurangabad-entrance-exam/?utm_source=chatgpt.com
Integrated Bachelor of Arts and Bachelor of Education Entrance Examination,Official Cutoff,https://collegedunia.com/e-search?term=Integrated+Bachelor+of+Arts+and+Bachelor+of+Education+Entrance+Examination,https://www.shiksha.com/college/yogeshwari-jan-hitay-sevayatan-college-banswara-192837/course-integrated-bachelor-of-arts-bachelor-of-education-964839?rf=searchWidget&landing=clp&isource=csearch,,
Inter National Institute of Fashion Design Entrance Examination,No Cutoff Exists,https://collegedunia.com/e-search?term=Inter+National+Institute+of+Fashion+Design+Entrance+Examination,https://www.shiksha.com/search?q=Inter%20National%20Institute%20of%20Fashion%20Design%20Entrance%20Examination&rf=searchWidget,https://www.careers360.com/colleges/inifd-wagle-estate-thane,
International Air Transport Association Certification,No Cutoff Exists,https://collegedunia.com/e-search?term=International+Air+Transport+Association+Certification,https://www.shiksha.com/college/chennais-amirta-international-aviation-college-nandanam-226945/course-b-sc-in-air-transport-management-1214281?rf=searchWidget&landing=clp&isource=csearch,,
International Institute of Hotel Management Electronic Common Hospitality Admission Test,No Cutoff Exists,https://collegedunia.com/e-search?term=International+Institute+of+Hotel+Management+Electronic+Common+Hospitality+Admission+Test,,,https://www.collegedekho.com/articles/iihm-echat-admission/?utm_source=chatgpt.com
ITM Design Entrance Examination,No Cutoff Exists,https://collegedunia.com/e-search?term=ITM+Design+Entrance+Examination,https://www.shiksha.com/design/itm-idm-entrance-exam?rf=searchWidget&landing=ep&isource=csearch,,https://www.collegedekho.com/articles/itm-idm-entrance-exam-bdes-admission/?utm_source=chatgpt.com
Jain Entrance Test,No Cutoff Exists,https://collegedunia.com/e-search?term=Jain+Entrance+Test,https://www.shiksha.com/search?q=Jain%20Entrance%20Test&rf=searchWidget,,
Jamia Millia Islamia Engineering Entrance Examination,Official Cutoff,https://collegedunia.com/e-search?term=Jamia+Millia+Islamia+Engineering+Entrance+Examination,https://www.shiksha.com/university/jamia-millia-islamia-delhi-843/course-b-tech-in-computer-engineering-252736?rf=searchWidget&landing=clp&isource=csearch,https://university.careers360.com/exams/jmi-entrance-exam,https://www.collegedekho.com/exam/jmiee
Jamia Millia Islamia Mass Communication Entrance,Official Cutoff,https://collegedunia.com/e-search?term=Jamia+Millia+Islamia+Mass+Communication+Entrance,https://www.shiksha.com/university/jamia-millia-islamia-delhi-843/course-b-a-hons-in-mass-media-hindi-10958?rf=searchWidget&landing=clp&isource=csearch,https://media.careers360.com/articles/jmi-entrance-exam,
Jamia Social Work Entrance,Official Cutoff,https://collegedunia.com/e-search?term=Jamia+Social+Work+Entrance,https://www.shiksha.com/university/jamia-millia-islamia-delhi-843/admission?isource=csearch&rf=searchWidget,,https://www.collegedekho.com/colleges/jamia-millia-islamia-admission
Jammu and Kashmir Bachelor of Business Administration Admission,Official Cutoff,https://collegedunia.com/e-search?term=Jammu+and+Kashmir+Bachelor+of+Business+Administration+Admission,https://www.shiksha.com/search?q=Jammu%20and%20Kashmir%20Bachelor%20of%20Business%20Administration%20Admission&rf=searchWidget,,https://www.collegedekho.com/bba-colleges-in-jammu-kashmir/
Jawaharlal Institute of Postgraduate Medical Education and Research Nursing Entrance Examination,Official Merit List,https://collegedunia.com/e-search?term=Jawaharlal+Institute+of+Postgraduate+Medical+Education+and+Research+Nursing+Entrance+Examination,https://www.shiksha.com/search?q=Jawaharlal%20Institute%20of%20Postgraduate%20Medical%20Education%20and%20Research%20Nursing%20Entr&rf=searchWidget,https://medicine.careers360.com/articles/jipmer-bsc-nursing-admission,https://www.collegedekho.com/articles/jipmer-bsc-nursing-cutoff/
JD Institute of Fashion Technology Design Entrance Examination,No Cutoff Exists,https://collegedunia.com/e-search?term=JD+Institute+of+Fashion+Technology+Design+Entrance+Examination,https://www.shiksha.com/search?q=JD%20Institute%20of%20Fashion%20Technology%20Design%20Entrance%20Examination&rf=searchWidget,https://www.careers360.com/colleges/jd-institute-of-fashion-technology-bangalore/admission,https://www.collegedekho.com/colleges/jd-institute-of-fashion-technology-admission
Jharkhand Bachelor of Business Administration Admission,Official Cutoff,https://collegedunia.com/e-search?term=Jharkhand+Bachelor+of+Business+Administration+Admission,https://www.shiksha.com/bba/colleges/bba-colleges-india?rf=searchWidget,,https://www.collegedekho.com/bba-colleges-in-jharkhand/
Jharkhand Combined Entrance Competitive Examination,Official Cutoff,https://collegedunia.com/e-search?term=Jharkhand+Combined+Entrance+Competitive+Examination,,https://engineering.careers360.com/articles/jcece,https://www.collegedekho.com/exam/jcece
Jharkhand Combined Entrance Competitive Examination Pre Polytechnic Test,Official Cutoff,http://collegedunia.com/e-search?term=Jharkhand+Combined+Entrance+Competitive+Examination+Pre+Polytechnic+Test,,https://engineering.careers360.com/exams/pece,https://www.collegedekho.com/exam/jharkhand-pcece
JK Lakshmipat University Design Entrance Examination,No Cutoff Exists,https://collegedunia.com/e-search?term=JK+Lakshmipat+University+Design+Entrance+Examination,https://www.shiksha.com/university/jk-lakshmipat-university-jaipur-47379/course-b-des-in-interaction-design-468211?rf=searchWidget&landing=clp&isource=csearch,,
Joint Entrance Examination,Official Cutoff,https://collegedunia.com/exams/jee-main,https://www.shiksha.com/search?q=Joint%20Entrance%20Examination&rf=searchWidget,https://engineering.careers360.com/exams/jee-main,https://www.collegedekho.com/exam/jee-main
Joint Entrance Examination Council Uttar Pradesh Polytechnic Entrance Examination,Official Cutoff,https://collegedunia.com/e-search?term=Joint+Entrance+Examination+Council+Uttar+Pradesh+Polytechnic+Entrance+Examination,https://www.shiksha.com/search?q=Joint%20Entrance%20Examination%20Council%20Uttar%20Pradesh%20Polytechnic%20Entrance%20Examinatio&rf=searchWidget,https://engineering.careers360.com/exams/jeecup,https://www.collegedekho.com/exam/jeecup
Joint Entrance Test Agriculture,Official Cutoff,https://collegedunia.com/e-search?term=Joint+Entrance+Test+Agriculture,https://www.shiksha.com/search?q=Joint%20Entrance%20Test%20Agriculture&rf=searchWidget,https://university.careers360.com/articles/jet-agriculture,
Joint Integrated Programme in Management Admission Test,No Cutoff Exists,https://collegedunia.com/e-search?term=Joint+Integrated+Programme+in+Management+Admission+Test,https://www.shiksha.com/search?q=Joint%20Integrated%20Programme%20in%20Management%20Admission%20Test&rf=searchWidget,https://bschool.careers360.com/exams/jipmat,https://www.collegedekho.com/exam/jipmat
K. R. Mangalam University Entrance Test,No Cutoff Exists,https://collegedunia.com/e-search?term=K.+R.+Mangalam+University+Entrance+Test,https://www.shiksha.com/university/k-r-mangalam-university-gurgaon-4268/fees?rf=searchWidget&landing=ilpcp&isource=csearch,https://www.careers360.com/university/k-r-mangalam-university-gurugram,https://www.collegedekho.com/colleges/k-r-mangalam-university
Kalinga Institute of Industrial Technology Entrance Examination Management Undergraduate,Official Cutoff,https://collegedunia.com/exams/kiitee-management,https://www.shiksha.com/search?q=Kalinga%20Institute%20of%20Industrial%20Technology%20Entrance%20Examination%20Management%20Under&rf=searchWidget,,
Karnataka Bachelor of Business Administration Entrance Examination,Official Cutoff,https://collegedunia.com/e-search?term=Karnataka+Bachelor+of+Business+Administration+Entrance+Examination,https://www.shiksha.com/bba/colleges/bba-colleges-india?rf=searchWidget,https://bschool.careers360.com/colleges/list-of-bba-in-business-administration-colleges-in-karnataka,https://www.collegedekho.com/articles/bba-admission-in-karnataka/
Karnataka Chitrakala Parishath Entrance,No Cutoff Exists,https://collegedunia.com/e-search?term=Karnataka+Chitrakala+Parishath+Entrance,https://www.shiksha.com/college/karnataka-chitrakala-parishath-bangalore-111001?rf=searchWidget&landing=ilp&isource=csearch,https://www.careers360.com/colleges/karnataka-chitrakala-parishath-college-of-fine-arts-bangalore,https://www.collegedekho.com/fine-arts-colleges-in-bangalore-listing-21523-3587-141/
Karnataka Common Entrance Test,Official Cutoff,https://collegedunia.com/exams/kcet,https://www.shiksha.com/engineering/kcet-exam?isource=csearch&rf=searchWidget,https://www.careers360.com/exams/kcet,https://www.collegedekho.com/exam/kcet
Kashmir Polytechnic Entrance,Official Cutoff,https://collegedunia.com/e-search?term=Kashmir+Polytechnic+Entrance,https://www.shiksha.com/search?q=Kashmir%20Polytechnic%20Entrance&rf=searchWidget,https://engineering.careers360.com/articles/jkpet,https://www.collegedekho.com/colleges/government-polytechnic-jammu
Kerala Dairy Technology Entrance,Official Cutoff,https://collegedunia.com/e-search?term=Kerala+Dairy+Technology+Entrance,https://www.shiksha.com/college/college-of-dairy-science-and-technology-mannuthy-kerala-veterinary-and-animal-sciences-university-thrissur-52866?rf=searchWidget&landing=ilp&isource=csearch,https://www.careers360.com/exams/keam,https://www.collegedekho.com/exam/keam
Kerala Engineering Architecture Medical Entrance Examination,Official Cutoff,https://collegedunia.com/e-search?term=Kerala+Engineering+Architecture+Medical+Entrance+Examination,https://www.shiksha.com/search?q=Kerala%20Engineering%20Architecture%20Medical%20Entrance%20Examination&rf=searchWidget,https://www.careers360.com/exams/keam,https://www.collegedekho.com/exam/keam
Kerala Fisheries Entrance Examination,Official Cutoff,https://collegedunia.com/e-search?term=Kerala+Fisheries+Entrance+Examination,,https://www.careers360.com/exams/keam,https://www.collegedekho.com/exam/keam
Kerala Food Technology Entrance,Official Cutoff,https://collegedunia.com/e-search?term=Kerala+Food+Technology+Entrance,https://www.shiksha.com/engineering/colleges/food-technology-colleges-kerala?rf=searchWidget&landing=ctp&isource=csearch,https://www.careers360.com/exams/keam,https://www.collegedekho.com/exam/keam
Kerala Forestry Entrance Examination,Official Cutoff,https://collegedunia.com/e-search?term=Kerala+Forestry+Entrance+Examination,,https://www.careers360.com/exams/keam,https://www.collegedekho.com/exam/keam
Kerala Law Entrance Examination,Official Cutoff,https://collegedunia.com/exams/klee,,https://law.careers360.com/exams/klee,https://www.collegedekho.com/exam/kerala-llb-entrance-exam-klee
Kerala Nursing Entrance Examination,Official Cutoff,https://collegedunia.com/e-search?term=Kerala+Nursing+Entrance+Examination,,https://medicine.careers360.com/articles/lbs-bsc-nursing-admission,https://www.collegedekho.com/articles/kerala-bsc-nursing-admission-process/
Kerala Paramedical Entrance Examination,Official Cutoff,https://collegedunia.com/e-search?term=Kerala+Paramedical+Entrance+Examination,,https://medicine.careers360.com/articles/paramedical-admission-2025,https://www.collegedekho.com/articles/kerala-paramedical-admission/
Kerala Polytechnic Entrance Examination,Official Cutoff,https://collegedunia.com/e-search?term=Kerala+Polytechnic+Entrance+Examination,,https://engineering.careers360.com/articles/kerala-polytechnic-admission,https://www.collegedekho.com/articles/kerala-polytechnic-eligibility-admission-courses-seat-allotment/
Kerala Veterinary Entrance Examination,Official Cutoff,https://collegedunia.com/e-search?term=Kerala+Veterinary+Entrance+Examination,,https://www.careers360.com/exams/keam,https://www.collegedekho.com/exam/keam
Krea University Entrance,No Cutoff Exists,https://collegedunia.com/university/59908-krea-university-sri-city,https://www.shiksha.com/university/krea-university-andhra-pradesh-other-58049/admission?isource=csearch&rf=searchWidget,https://www.careers360.com/university/krea-university-sri-city,https://www.collegedekho.com/university/krea-university
Krea University Liberal Arts Entrance Examination,No Cutoff Exists,https://collegedunia.com/university/59908-krea-university-sri-city,https://www.shiksha.com/university/krea-university-andhra-pradesh-other-58049/admission,https://www.careers360.com/university/krea-university-sri-city,https://www.collegedekho.com/university/krea-university
Ladakh Bachelor of Business Administration Entrance Examination,Official Merit List,,,,
Lakshadweep Bachelor of Business Administration Entrance Examination,No Cutoff Exists,,,,
Law Aptitude Test,No Cutoff Exists,https://collegedunia.com/e-search?term=Law+Aptitude+Test,,,
LISAA School of Design Entrance Test,No Cutoff Exists,https://collegedunia.com/college/59471-lisaa-school-of-design-bangalore/admission,https://www.shiksha.com/college/lisaa-school-of-design-bangalore-koramangala-36171/admission,https://www.careers360.com/colleges/lisaa-school-of-design-bengaluru,https://www.collegedekho.com/colleges/lisaa-school-of-design-bangalore
Lovely Professional University National Entrance and Scholarship Test,No Cutoff Exists,https://collegedunia.com/exams/lpunest,https://www.shiksha.com/engineering/lpu-nest-exam,https://engineering.careers360.com/articles/lpunest-2026,https://www.collegedekho.com/exam/lpunest
Lovely Professional University National Entrance and Scholarship Test Design,No Cutoff Exists,https://collegedunia.com/exams/lpunest,https://www.shiksha.com/engineering/lpu-nest-exam/bdes-bsc-design-1073,https://design.careers360.com/articles/lpu-design-admission,https://www.collegedekho.com/exam/lpunest
Loyola College Social Work Admission,No Cutoff Exists,https://collegedunia.com/college/2595-loyola-college-chennai,https://www.shiksha.com/college/loyola-college-chennai-1108,https://www.careers360.com/colleges/loyola-college-chennai,https://www.collegedekho.com/colleges/loyola-college
Madhya Pradesh Bachelor of Arts Entrance Examination,Official Merit List,,,,https://www.collegedekho.com/articles/mp-ba-admission/
Madhya Pradesh Bachelor of Business Administration Entrance Examination,Official Merit List,,,,
Madhya Pradesh Polytechnic Entrance Examination,Official Cutoff,https://collegedunia.com/exams/mp-ppt,,,https://www.collegedekho.com/exam/mp-ppt
Madhya Pradesh Pre Agriculture Test,Official Merit List,,,,https://www.collegedekho.com/exam/mp-pat
Madhya Pradesh Pre Engineering Test,Official Cutoff,,,,
Madhya Pradesh Pre Nursing Selection Test,Official Merit List,,,,
Madhya Pradesh Pre Polytechnic Test,Official Cutoff,https://collegedunia.com/exams/mp-ppt,,,https://www.collegedekho.com/exam/mp-ppt
Madhya Pradesh Pre Veterinary and Fisheries Test,Official Merit List,,,,
Madras School Of Social Work Entrance,No Cutoff Exists,https://collegedunia.com/college/18392-madras-school-of-social-work-mssw-chennai,https://www.shiksha.com/college/madras-school-of-social-work-egmore-chennai-49446,,
Maharaja Sayajirao University of Baroda Fine Arts Entrance Examination,Official Merit List,https://collegedunia.com/university/25500-maharaja-sayajirao-university-of-baroda-msu-vadodara,https://www.shiksha.com/university/msu-the-maharaja-sayajirao-university-of-baroda-vadodara-37071/courses/arts-fine-visual-performing-s,,
Maharashtra Bachelor of Science Nursing Common Entrance Test,Official Cutoff,https://collegedunia.com/exams/mh-bsc-nursing-cet,https://www.shiksha.com/nursing/mh-bsc-nursing-cet-exam,https://medicine.careers360.com/exams/mh-bsc-nursing-cet,
Maharashtra Common Entrance Test,Official Cutoff,https://collegedunia.com/exams/mht-cet,https://www.shiksha.com/engineering/mht-cet-exam,https://www.careers360.com/exams/mht-cet,https://www.collegedekho.com/exam/mht-cet
Maharashtra Paramedical Common Entrance Test,Official Cutoff,,,,
Maharashtra Polytechnic Entrance Examination,Official Cutoff,,,,
Manipal Academy of Higher Education Design Entrance Examination,No Cutoff Exists,https://collegedunia.com/exams/met,https://www.shiksha.com/engineering/met-exam,https://engineering.careers360.com/exams/met,https://www.collegedekho.com/exam/mu-oet
Manipal Entrance Test,Official Cutoff,https://collegedunia.com/exams/met,https://www.shiksha.com/engineering/met-exam,https://engineering.careers360.com/exams/met,https://www.collegedekho.com/exam/mu-oet
Manipal Media Entrance,No Cutoff Exists,https://collegedunia.com/exams/met,,,
Manipur Bachelor of Business Administration Entrance Examination,Official Merit List,,,,
Manipur Polytechnic Entrance Examination,Official Merit List,,,,
Meghalaya Bachelor of Business Administration Entrance Examination,Official Merit List,,,,
Meghalaya Engineering Entrance Examination,Official Merit List,,,,
Meghalaya Polytechnic Entrance Examination,Official Merit List,,,,
Military Nursing Service Entrance Examination,Official Cutoff,,https://www.shiksha.com/nursing/indian-army-b-sc-nursing-exam,https://medicine.careers360.com/articles/indian-army-bsc-nursing-result,https://www.collegedekho.com/exam/indian-army-bsc-nursing-exam
MIT Institute of Design Design Aptitude Test,No Cutoff Exists,,https://www.shiksha.com/college/mit-institute-of-design-mit-adt-university/mitid-dat-exam,https://design.careers360.com/exams/mit-design-aptitude-test,
MIT Institute of Design Entrance Examination,No Cutoff Exists,,https://www.shiksha.com/college/mit-institute-of-design-mit-adt-university/mitid-dat-exam,https://design.careers360.com/exams/mit-design-aptitude-test,
MIT Institute of Design Product Design Entrance Examination,No Cutoff Exists,,https://www.shiksha.com/college/mit-institute-of-design-mit-adt-university/mitid-dat-exam,https://design.careers360.com/exams/mit-design-aptitude-test,
MIT World Peace University Entrance Test,No Cutoff Exists,,,,
Mizoram Bachelor of Business Administration Entrance Examination,Official Merit List,,,,
Mizoram Engineering Entrance Examination,Official Merit List,,,,
Mizoram Polytechnic Entrance,Official Merit List,,,,
Nagaland Engineering Entrance Examination,Official Merit List,,,,
Nagaland Polytechnic Entrance,Official Merit List,,,,
Narsee Monjee Institute of Management Studies Law Aptitude Test,Official Merit List,,https://www.shiksha.com/law/nmims-lat-exam,https://law.careers360.com/exams/nmims-lat,
Narsee Monjee Institute of Management Studies National Test for Programs After Twelfth,Official Merit List,https://collegedunia.com/exams/npat,https://www.shiksha.com/bba/nmims-npat-exam,https://bschool.careers360.com/exams/nmims-npat-bba,https://www.collegedekho.com/exam/nmims-npat
National Aptitude Test in Architecture,No Cutoff Exists,https://collegedunia.com/exams/nata,https://www.shiksha.com/architecture-planning/nata-exam,https://engineering.careers360.com/exams/nata,https://www.collegedekho.com/exam/nata
National Council for Hotel Management and Catering Technology Joint Entrance Examination,Official Cutoff,https://collegedunia.com/exams/nchmct-jee,https://www.shiksha.com/hospitality-travel/hotel-hospitality-management/nchmct-jee-exam,https://hospitality.careers360.com/exams/nchm-jee,https://www.collegedekho.com/exam/nchmct-jee
National Council for Hotel Management Joint Entrance Examination,Official Cutoff,https://collegedunia.com/exams/nchmct-jee,https://www.shiksha.com/hospitality-travel/hotel-hospitality-management/nchmct-jee-exam,https://hospitality.careers360.com/exams/nchm-jee,https://www.collegedekho.com/exam/nchmct-jee
National Eligibility cum Entrance Test Undergraduate,Official Cutoff,https://collegedunia.com/exams/neet,https://www.shiksha.com/medicine-health-sciences/neet-exam,https://medicine.careers360.com/exams/neet,https://www.collegedekho.com/exam/neet-ug
National Entrance Screening Test,Official Cutoff,https://collegedunia.com/exams/nest,https://www.shiksha.com/college/niser-national-institute-of-science-education-and-research/nest-exam,https://university.careers360.com/exams/nest,https://www.collegedekho.com/exam/nest
National Forensic Sciences University Forensic Science Entrance Examination,Official Merit List,https://collegedunia.com/university/25488-national-forensic-sciences-university-nfsu-gandhinagar/admission,https://www.shiksha.com/university/national-forensic-sciences-university-gandhinagar-48862/admission,https://www.careers360.com/university/national-forensic-sciences-university-gandhinagar/admission,
National Institute of Design Design Aptitude Test Toy Design,Official Cutoff,https://collegedunia.com/exams/nid,https://www.shiksha.com/design/communication-design/nid-entrance-exam,https://design.careers360.com/exams/nid-dat,https://www.collegedekho.com/exam/nid-dat
National Institute of Fashion Technology Entrance Examination,Official Cutoff,https://collegedunia.com/exams/nift,https://www.shiksha.com/design/nift-entrance-exam,https://design.careers360.com/exams/nift-entrance-exam,https://www.collegedekho.com/exam/nift-entrance-exam
National Institute of Mental Health and Neuro Sciences Bachelor of Science Neurophysiology Entrance Examination,Official Merit List,https://collegedunia.com/university/25619-national-institute-of-mental-health-and-neuro-sciences-nimhans-bangalore/bachelor-of-science-bsc-neurophysiology-technology-2991,https://www.shiksha.com/college/national-institute-of-mental-health-and-neurosciences-hosur-road-bangalore-25138/admission,https://www.careers360.com/university/national-institute-of-mental-health-and-neuro-sciences-bangalore/admission,https://www.collegedekho.com/university/national-institute-of-mental-health-and-neuro-sciences-admission
National Rail and Transportation Institute Transport Technology Entrance Examination,Official Merit List,https://collegedunia.com/university/59399-national-rail-and-transportation-institute-nrti-vadodara,,https://www.careers360.com/university/gati-shakti-vishwavidyalaya-vadodara,https://www.collegedekho.com/colleges/nrti-vadodara
National Standard Examination,Official Merit List,,,,
North Eastern Indira Gandhi Regional Institute of Health and Medical Sciences Bachelor of Science Nursing Entrance Examination,Official Merit List,https://collegedunia.com/college/57875-north-eastern-indira-gandhi-regional-institute-of-health-and-medical-sciences-neigrihms-shillong/bachelor-of-science-bsc-nursing-2993,https://www.shiksha.com/college/neigrihms-college-of-nursing-shillong-187373/admission,https://www.careers360.com/colleges/north-eastern-indira-gandhi-regional-institute-of-health-and-medical-sciences-shillong/bsc-nursing-course,https://www.collegedekho.com/articles/neigrihms-bsc-nursing-entrance-exam/
O. P. Jindal Global University Entrance Test,No Cutoff Exists,https://collegedunia.com/exams/jsat,https://www.shiksha.com/bba/jsat-exam,,https://www.collegedekho.com/colleges/o-p-jindal-global-university-admission
Oberoi Systematic Training and Education Programme,No Cutoff Exists,,https://www.shiksha.com/hospitality-travel/oberoi-step-exam,https://hospitality.careers360.com/articles/oberoi-step,https://www.collegedekho.com/articles/oberoi-step-admission/
Odisha Diploma Entrance Test,Official Cutoff,,,,https://www.collegedekho.com/articles/odisha-polytechnic-admissions/
Odisha Joint Entrance Examination,Official Cutoff,https://collegedunia.com/exams/ojee,https://www.shiksha.com/mba/ojee-exam,https://www.careers360.com/exams/ojee,https://www.collegedekho.com/exam/ojee
Odisha Joint Entrance Examination Agriculture,Official Cutoff,https://collegedunia.com/exams/ojee,https://www.shiksha.com/science/ouat-entrance-exam,https://university.careers360.com/exams/ouat,
Odisha Polytechnic Entrance Examination,Official Cutoff,,,,https://www.collegedekho.com/articles/odisha-polytechnic-admissions/
Odisha University of Agriculture and Technology Entrance Examination,Official Merit List,https://collegedunia.com/exams/ouat,https://www.shiksha.com/science/ouat-entrance-exam,https://university.careers360.com/exams/ouat,
Online Facilitation System for Students Bihar University Admission,Official Cutoff,,,https://school.careers360.com/boards/bseb/ofss-bihar-admission/,https://www.collegedekho.com/articles/ofss-bihar-admission-brd/
Panjab University Design Entrance Examination,Official Merit List,,,,
Panjab University Undergraduate Law Entrance Test,Official Merit List,https://collegedunia.com/exams/puleet,https://www.shiksha.com/university/panjab-university/pu-uglaw-exam,https://law.careers360.com/exams/pu-ba-llb-entrance,https://www.collegedekho.com/exam/pu-uglaw
Paramedical State Common Entrance Test,Official Cutoff,,,,
Parul University Entrance Test,No Cutoff Exists,,,https://www.careers360.com/university/parul-university-vadodara/admission,https://www.collegedekho.com/colleges/parul-university-courses
Pearl Academy Entrance Examination,No Cutoff Exists,,https://www.shiksha.com/design/fashion-design/pearl-academy-entrance-exam,https://design.careers360.com/exams/pearl-academy-entrance-exam,https://www.collegedekho.com/exam/pearl-academy-entrance-exam
PES Scholastic Aptitude Test,Official Cutoff,https://collegedunia.com/exams/pessat,,https://university.careers360.com/exams/pessat,https://www.collegedekho.com/exam/pessat
Plaksha University Undergraduate Tech Entrance Test,No Cutoff Exists,https://collegedunia.com/university/60489-plaksha-university-mohali/admission,https://www.shiksha.com/university/plaksha-university-mohali-145921/admission,https://www.careers360.com/university/plaksha-university-mohali,https://www.collegedekho.com/colleges/plaksha-university-admission
Pradhan Mantri Kaushal Vikas Yojana,No Cutoff Exists,,,,
Presidency University Bachelor Degree Entrance Test,Official Cutoff,https://collegedunia.com/exams/pubdet,https://www.shiksha.com/humanities-social-sciences/pubdet-exam,https://university.careers360.com/exams/pubdet,
Presidency University Entrance Test,No Cutoff Exists,https://collegedunia.com/university/56371-presidency-university-bangalore/admission,https://www.shiksha.com/university/presidency-university-bangalore-47151/admission,,https://www.collegedekho.com/colleges/presidency-university-bangalore-admission
Puducherry Bachelor of Business Administration Entrance Examination,Official Cutoff,,,,
Puducherry Polytechnic Entrance,Official Cutoff,,,https://engineering.careers360.com/articles/centac-polytechnic,https://www.collegedekho.com/articles/centac-diploma-polytechnic-admission-process/
Punjab Bachelor of Business Administration Entrance Examination,Official Merit List,,,,
Punjab Joint Entrance Test Diploma,Official Cutoff,,,https://engineering.careers360.com/articles/punjab-polytechnic-admission,https://www.collegedekho.com/articles/punjab-polytechnic-admission/
Punjab Para Medical Entrance Test Baba Farid University of Health Sciences,Official Cutoff,https://collegedunia.com/exams/ppmet,,https://medicine.careers360.com/exams/ppmet,https://www.collegedekho.com/articles/punjab-para-medical-entrance-test-ppmet/
Punjab State Board of Technical Education Polytechnic Admission Test,Official Cutoff,,,https://engineering.careers360.com/articles/punjab-polytechnic-admission,https://www.collegedekho.com/articles/punjab-polytechnic-admission/
Rabindra Bharati University Entrance,Official Merit List,,https://www.shiksha.com/university/rabindra-bharati-university-kolkata-25277/admission,https://www.careers360.com/university/rabindra-bharati-university-kolkata,https://www.collegedekho.com/university/rabindra-bharati-university
Raffles Design Entrance Examination,No Cutoff Exists,https://collegedunia.com/college/24380-raffles-design-international-rdi-mumbai,https://www.shiksha.com/college/raffles-design-international-andheri-east-mumbai-3816/admission,https://www.careers360.com/colleges/raffles-design-international-mumbai,https://www.collegedekho.com/colleges/raffles-design-international-india-pvt-ltd
Rajasthan Bachelor of Business Administration Entrance Examination,Official Merit List,,,,
Rajasthan Engineering Admission Process,Official Cutoff,https://collegedunia.com/exams/reap,,https://engineering.careers360.com/articles/reap,
Rajasthan Polytechnic Entrance Examination,Official Cutoff,,,https://engineering.careers360.com/articles/rajasthan-polytechnic,https://www.collegedekho.com/articles/rajasthan-polytechnic-admissions/
Rajasthan Pre Bachelor of Education and Basic School Teaching Certificate Entrance Examination,Official Cutoff,https://collegedunia.com/exams/rajasthan-ptet,,,https://www.collegedekho.com/exam/rajasthan-ptet
Rajasthan Pre Veterinary Test,Official Merit List,https://collegedunia.com/exams/rpvt,https://www.shiksha.com/medicine-health-sciences/rpvt-exam,https://medicine.careers360.com/exams/rpvt,https://www.collegedekho.com/exam/rpvt
Rajasthan University Law Entrance Test,Official Merit List,https://collegedunia.com/exams/rulet,https://www.shiksha.com/law/rulet-exam,https://law.careers360.com/exams/rulet,https://www.collegedekho.com/exam/rulet
Rajasthan University of Health Sciences Bachelor of Science Nursing Entrance Examination,Official Cutoff,https://collegedunia.com/university/58459-rajasthan-university-of-health-sciences-ruhs-jaipur/admission,https://www.shiksha.com/medicine-health-sciences/pharmacy/ruhs-exam/nursing-1991,https://medicine.careers360.com/articles/ruhs-cuet-2026,https://www.collegedekho.com/university/rajasthan-university-for-health-sciences-ruhs-jaipur
Rajasthan University of Health Sciences Entrance Examination,Official Cutoff,https://collegedunia.com/university/58459-rajasthan-university-of-health-sciences-ruhs-jaipur,https://www.shiksha.com/university/rajasthan-university-of-health-sciences-jaipur-52201,https://www.careers360.com/university/rajasthan-university-of-health-sciences-jaipur,https://www.collegedekho.com/university/rajasthan-university-for-health-sciences-ruhs-jaipur
Rajasthan University of Health Sciences Paramedical Entrance Examination,Official Cutoff,https://collegedunia.com/university/58459-rajasthan-university-of-health-sciences-ruhs-jaipur/admission,,https://medicine.careers360.com/articles/ruhs-cuet-2026,https://www.collegedekho.com/university/rajasthan-university-for-health-sciences-ruhs-jaipur
Rajiv Gandhi Institute of Petroleum Technology Bachelor of Technology Entrance Examination,Official Cutoff,https://collegedunia.com/college/14733-rajiv-gandhi-institute-of-petroleum-technology-rgipt-amethi/admission,https://www.shiksha.com/college/rajiv-gandhi-institute-of-petroleum-technology-amethi-46857,https://engineering.careers360.com/articles/rgipt-btech-admission,https://www.collegedekho.com/colleges/rgipt-admission
Rashtriya Raksha University (Police),Official Merit List,https://collegedunia.com/university/25507-rashtriya-raksha-university-rru-ahmedabad/admission,https://www.shiksha.com/university/rashtriya-raksha-university-gandhinagar-182157/admission,https://www.careers360.com/university/rashtriya-raksha-university-gandhinagar/admission,
REVA University Entrance Test,No Cutoff Exists,https://collegedunia.com/university/54859-reva-university-bangalore/admission,https://www.shiksha.com/university/reva-university-bangalore-40416/admission,https://www.careers360.com/university/reva-university-bangalore,https://www.collegedekho.com/colleges/reva-university-admission
School of Fashion India Entrance Test,No Cutoff Exists,,,,
School of Fashion Technology Entrance Test,No Cutoff Exists,https://collegedunia.com/college/6952-school-of-fashion-technology-soft-pune/admission,https://www.shiksha.com/college/mksss-school-of-fashion-technology/soft-cet-exam,https://www.careers360.com/colleges/mkssss-school-of-fashion-technology-pune,
Sharda University Admission Test,No Cutoff Exists,https://collegedunia.com/exams/suat,https://www.shiksha.com/engineering/suat-exam,https://www.careers360.com/exams/suat,https://www.collegedekho.com/colleges/sharda-university
Sharda University Admission Test Engineering,No Cutoff Exists,https://collegedunia.com/exams/suat,https://www.shiksha.com/engineering/suat-exam,https://www.careers360.com/exams/suat,https://www.collegedekho.com/colleges/sharda-university-btech-dp-148397
Shiv Nadar University Entrance Test,No Cutoff Exists,,https://www.shiksha.com/university/shiv-nadar-university-snu/snusat-exam,https://engineering.careers360.com/exams/snusat,https://www.collegedekho.com/exam/snusat
Shiv Nadar University Management Aptitude Test and Entrance Examination,No Cutoff Exists,,https://www.shiksha.com/university/shiv-nadar-university-snu-greater-noida-32865/admission,,https://www.collegedekho.com/colleges/shiv-nadar-university
Shiv Nadar University Scholastic Aptitude Test,No Cutoff Exists,,https://www.shiksha.com/university/shiv-nadar-university-snu/snusat-exam,https://engineering.careers360.com/exams/snusat,https://www.collegedekho.com/exam/snusat
Sikkim Bachelor of Business Administration Entrance Examination,Official Merit List,,,,
Sikkim Manipal University Design Entrance Examination,No Cutoff Exists,,,,
Sikkim Manipal University Entrance Test,No Cutoff Exists,https://collegedunia.com/college/15134-sikkim-manipal-institute-of-technology-smit-east-sikkim,https://www.shiksha.com/college/smit-sikkim-manipal-institute-of-technology-sikkim-manipal-university-rangpo-34437/admission,https://www.careers360.com/university/sikkim-manipal-university-gangtok/admission,https://www.collegedekho.com/colleges/sikkim-manipal-university
Sikkim Polytechnic Entrance Examination,Official Merit List,https://collegedunia.com/articles/g-30517-sikkim-polytechnic-admission-important-dates-application-process-and-counselling,https://www.shiksha.com/college/advanced-technical-training-centre-sikkim-other-54043,https://www.careers360.com/colleges/advanced-technical-training-centre-sikkim,
Sir Jamsetjee Jeejebhoy School of Art Entrance Examination,Official Cutoff,https://collegedunia.com/college/46096-sir-jj-school-of-art-mumbai/admission,https://www.shiksha.com/college/sir-j-j-school-of-art-d-n-road-fort-mumbai-61299/admission,,
Somaiya Design Entrance Examination,No Cutoff Exists,,,https://www.careers360.com/colleges/somaiya-school-of-design-somaiya-vidyavihar-university-mumbai,
Srishti Manipal (Design),No Cutoff Exists,,https://www.shiksha.com/college/srishti-manipal-institute-of-art-design-and-technology-manipal-academy-of-higher-education/smeat-exam,,
SRM Institute Admission Test,Official Cutoff,https://collegedunia.com/exams/srmjeee,https://www.shiksha.com/engineering/srmjeee-exam,https://engineering.careers360.com/exams/srmjeee,https://www.collegedekho.com/exam/srmjeee
SRM Joint Engineering Entrance Examination,Official Cutoff,https://collegedunia.com/exams/srmjeee,https://www.shiksha.com/engineering/srmjeee-exam,https://engineering.careers360.com/exams/srmjeee,https://www.collegedekho.com/exam/srmjeee
St Joseph's University Entrance Examination,No Cutoff Exists,https://collegedunia.com/university/58024-st-josephs-university-bangalore/admission,https://www.shiksha.com/college/st-joseph-s-university-lalbagh-rd-bangalore-2376/admission,,
St Xavier's College Entrance Examination,Official Merit List,https://collegedunia.com/college/4973-st-xaviers-college-mumbai/admission,https://www.shiksha.com/college/st-xavier-s-college-mumbai-mahapalika-marg-1184/admission,https://www.careers360.com/colleges/st-xaviers-college-mumbai/admission,
State Teacher Eligibility Tests,No Cutoff Exists,,,,
Swami Vivekananda Yoga Anusandhana Samsthana Bachelor of Science Yoga Entrance Examination,No Cutoff Exists,https://collegedunia.com/university/25626-swami-vivekananda-yoga-anusandhana-samsthana-svyasa-bangalore/admission,https://www.shiksha.com/university/swami-vivekananda-yoga-anusandhana-samsthana-bangalore-57875/admission,https://www.careers360.com/university/swami-vivekananda-yoga-anusandhana-samsthana-bangalore/admission,
Symbiosis Entrance Test,Official Merit List,https://collegedunia.com/exams/set,,https://university.careers360.com/exams/set,https://www.collegedekho.com/exam/set
Symbiosis Institute of Design Entrance Test,Official Merit List,,https://www.shiksha.com/college/symbiosis-institute-of-design-symbiosis-international-pune/seed-exam,https://design.careers360.com/exams/seed,https://www.collegedekho.com/exam/seed
Symbiosis Institute Of Media Entrance,No Cutoff Exists,https://collegedunia.com/exams/set,,https://university.careers360.com/exams/set,https://www.collegedekho.com/exam/set
Symbiosis Institute of Technology Engineering Entrance Examination,Official Merit List,,https://www.shiksha.com/engineering/siteee-exam,https://engineering.careers360.com/exams/siteee,
Symbiosis Law Admission Test,Official Merit List,https://collegedunia.com/exams/slat,https://www.shiksha.com/law/slat-exam,https://law.careers360.com/exams/slat,https://www.collegedekho.com/exam/slat
Symbiosis Liberal Arts Entrance,No Cutoff Exists,https://collegedunia.com/exams/set,,https://university.careers360.com/exams/set,https://www.collegedekho.com/exam/set
Tamil Nadu Bachelor of Business Administration Entrance Examination,Official Merit List,,,,
Tamil Nadu Dr Ambedkar Law University Entrance Test,Official Cutoff,https://collegedunia.com/university/25902-tamil-nadu-dr-ambedkar-law-university-tndalu-chennai,https://www.shiksha.com/university/tamil-nadu-dr-ambedkar-law-university-chennai-21408/admission,https://www.careers360.com/university/the-tamilnadu-dr-ambedkar-law-university-chennai/admission,https://www.collegedekho.com/colleges/tamil-nadu-dr-ambedkar-law-university-admission
Tamil Nadu Engineering Admissions,Official Cutoff,https://collegedunia.com/exams/tnea,https://www.shiksha.com/b-tech/tnea-counselling,https://engineering.careers360.com/articles/tnea-eligibility-criteria,https://www.collegedekho.com/articles/tamil-nadu-btech-admissions/
Tamil Nadu Polytechnic Entrance Examination,Official Cutoff,https://collegedunia.com/exams/tnea,https://www.shiksha.com/b-tech/tnea-counselling,https://engineering.careers360.com/articles/tamilnadu-polytechnic-admission,https://www.collegedekho.com/articles/tamil-nadu-polytechnic-admissions/
Tata Institute of Social Sciences Bachelor Admission Test,Official Cutoff,https://collegedunia.com/exams/tiss-bat,https://www.shiksha.com/science/articles/tiss-admission-through-cuet-blogId-145113,,
Tata Institute of Social Sciences Bachelor of Vocation Agriculture Entrance Examination,Official Cutoff,,,,
Telangana Engineering Agriculture and Pharmacy Common Entrance Test Biology Physics Chemistry Stream,Official Cutoff,https://collegedunia.com/exams/ts-eamcet,https://www.shiksha.com/engineering/ts-eamcet-exam,https://www.careers360.com/exams/ts-eamcet,https://www.collegedekho.com/exam/ts-eamcet
Telangana Law Common Entrance Test,Official Cutoff,https://collegedunia.com/exams/ts-lawcet,,https://law.careers360.com/exams/ts-lawcet,https://www.collegedekho.com/exam/ts-lawcet
Telangana State Engineering Agriculture and Medical Common Entrance Test,Official Cutoff,https://collegedunia.com/exams/ts-eamcet,https://www.shiksha.com/engineering/ts-eamcet-exam,https://www.careers360.com/exams/ts-eamcet,https://www.collegedekho.com/exam/ts-eamcet
Telangana State Polytechnic Common Entrance Test,Official Cutoff,https://collegedunia.com/exams/ts-polycet,,https://engineering.careers360.com/exams/ts-polycet,https://www.collegedekho.com/exam/ts-polycet
The Design Village Entrance Test,No Cutoff Exists,,,,
Tripura Board of Joint Entrance Examination,Official Cutoff,https://collegedunia.com/exams/tripura-jee,,,https://www.collegedekho.com/exam/tripura-jee
Tripura Polytechnic Entrance Examination,Official Cutoff,,,,
Undergraduate Common Entrance Examination for Design,Official Cutoff,https://collegedunia.com/exams/uceed,https://www.shiksha.com/design/uceed-exam,,https://www.collegedekho.com/exam/uceed
Unitedworld Institute of Design Entrance Examination,No Cutoff Exists,,https://www.shiksha.com/college/unitedworld-institute-of-design-karnavati-university/uid-design-aptitude-test-exam,,
University of Petroleum and Energy Studies Design Entrance Examination,No Cutoff Exists,https://collegedunia.com/exams/upes-dat,https://www.shiksha.com/university/upes/upes-dat-exam,,https://www.collegedekho.com/exam/upes-dat
University of Petroleum and Energy Studies Disaster Management Entrance Examination,No Cutoff Exists,,,,
University of Petroleum and Energy Studies Engineering Aptitude Test,No Cutoff Exists,https://collegedunia.com/exams/upeseat,https://www.shiksha.com/engineering/upeseat-exam,https://engineering.careers360.com/exams/upeseat,https://www.collegedekho.com/exam/upeseat
University of Petroleum and Energy Studies Entrance Test,No Cutoff Exists,https://collegedunia.com/university/25997-university-of-petroleum-and-energy-studies-upes-dehradun/admission,https://www.shiksha.com/engineering/upeseat-exam,https://engineering.careers360.com/exams/upeseat,https://www.collegedekho.com/colleges/upes-university-dehradun
Uttar Pradesh Combined Agriculture and Technology Entrance Test,Official Cutoff,https://collegedunia.com/exams/upcatet,https://www.shiksha.com/science/upcatet-exam,,https://www.collegedekho.com/exam/upcatet
Uttar Pradesh Combined Paramedical Entrance Test,Official Cutoff,https://collegedunia.com/courses/paramedical/up-paramedical-admission,https://www.shiksha.com/medicine-health-sciences/pharmacy/up-cpet-exam,https://medicine.careers360.com/articles/up-cpet-exam-date,
Uttar Pradesh Common Nursing Entrance Test,Official Cutoff,https://collegedunia.com/courses/nursing/up-nursing-admission,https://www.shiksha.com/nursing/up-cnet-exam,https://medicine.careers360.com/articles/up-cnet-total-marks,https://www.collegedekho.com/articles/up-bsc-nursing-entrance-exam-admission-process/
Uttar Pradesh Paramedical Entrance Test,Official Cutoff,https://collegedunia.com/courses/paramedical/up-paramedical-admission,https://www.shiksha.com/medicine-health-sciences/pharmacy/up-cpet-exam,https://medicine.careers360.com/articles/up-cpet-exam-date,
Uttar Pradesh State Entrance Examination Abdul Kalam Technical University,Official Cutoff,https://collegedunia.com/exams/upsee,https://www.shiksha.com/engineering/upsee-exam,,https://www.collegedekho.com/exam/upsee
Uttar Pradesh State Entrance Examination Bachelor of Hotel Management and Catering Technology,Official Cutoff,https://collegedunia.com/exams/upsee,,,https://www.collegedekho.com/exam/upsee
Uttarakhand Joint Entrance Examination Polytechnic,Official Cutoff,https://collegedunia.com/exams/uksee,https://www.shiksha.com/engineering/uksee-exam,,
Uttarakhand Nursing Entrance Exam,Official Cutoff,,,,
Uttarakhand Paramedical Entrance Exam,Official Cutoff,,,,
Uttarakhand State Entrance Examination,Official Cutoff,https://collegedunia.com/exams/uksee,https://www.shiksha.com/engineering/uksee-exam,,
Vellore Institute of Technology Design Entrance Examination,No Cutoff Exists,https://collegedunia.com/exams/viteee,https://www.shiksha.com/engineering/viteee-exam/bdes-industrial-design-1283,https://engineering.careers360.com/exams/viteee,https://www.collegedekho.com/exam/viteee
Vellore Institute of Technology Engineering Entrance Examination,Official Cutoff,https://collegedunia.com/exams/viteee,https://www.shiksha.com/engineering/viteee-exam,https://engineering.careers360.com/exams/viteee,https://www.collegedekho.com/exam/viteee
Vogue Institute of Art and Design Entrance Examination,No Cutoff Exists,,,,
Vogue University Design Entrance Examination,No Cutoff Exists,,,,
West Bengal Bachelor of Arts Admission,Official Cutoff,,,,
West Bengal Joint Entrance Examination,Official Cutoff,https://collegedunia.com/exams/wbjee,https://www.shiksha.com/engineering/wbjee-exam,https://www.careers360.com/exams/wbjee,https://www.collegedekho.com/exam/wbjee
"West Bengal Joint Entrance Test for Nursing, Paramedical and Allied Sciences Undergraduate",Official Cutoff,https://collegedunia.com/exams/wbjee-jenpas-ug,https://www.shiksha.com/nursing/jenpas-ug-exam,,https://www.collegedekho.com/exam/jenpas-ug
West Bengal Paramedical Entrance Test,Official Cutoff,https://collegedunia.com/exams/wbjee-jenpas-ug,https://www.shiksha.com/nursing/jenpas-ug-exam,,https://www.collegedekho.com/exam/jenpas-ug
Whistling Woods International Design Entrance Examination,No Cutoff Exists,,,,
World University of Design Aptitude Test Visual Arts,No Cutoff Exists,,,https://design.careers360.com/exams/wudat,
World University of Design Entrance Test,No Cutoff Exists,,,https://design.careers360.com/exams/wudat,
