exam,official_cutoff_url,verified,note
All India Veterinary Entrance Test,https://vci.admissions.nic.in/,True,"Veterinary Council of India admission & eCounselling portal (NIC-hosted). AIPVT is scrapped; veterinary admission now via NEET-UG through this VCI portal, which publishes round-wise allotment results "
Armed Forces Medical College Entrance Examination,https://afmc.nic.in/MBBSAdmission,True,Official AFMC Pune MBBS Admission page (HTTP 200 via curl; afmc.nic.in serves a self-signed TLS chain so browser fetch warns). AFMC MBBS merit list/shortlist PDFs are published here based on NEET-UG. 
Arunachal Pradesh Polytechnic Entrance Examination,https://apdhte.nic.in/JEE/JEE_25/Result_APJEE_Diploma_2025.pdf,True,Official APJEE 2025 Diploma (Mathematics & Science) result/merit list PDF from Arunachal Pradesh State Council for Technical Education (Directorate of Higher & Technical Education). Downloaded and par
Aryabhatta Knowledge University Entrance Examination,https://akubihar.ac.in/,True,"Official Aryabhatta Knowledge University, Patna site (HTTP 302 -> /EN/Default.aspx, an ASP.NET portal). Results/merit lists are published per program on result.akubihar.ac.in; no single static public "
Assam Agriculture Entrance Examination,https://www.aau.ac.in/admission,True,Official Assam Agricultural University admission page (HTTP 200; the prior aau.ac.in/admission.html returns 404). Links to the live counselling/admission portal admission.aau.ac.in and /results where 
Assam Polytechnic Entrance Examination,https://dte-assamadm.samarth.ac.in/,True,"Official DTE Assam (Govt of Assam) Samarth counselling & admission portal for 3-year Diploma in Govt Polytechnics, session 2026-27 (HTTP 200). PAT exam scrapped; merit based on HSLC marks; allotment g"
AVEE - Assam Veterinary Entrance Examination,https://www.aau.ac.in/admission,True,The listed vetbifg.ac.in link is dead (connection refused). AVEE/AAU-VET is conducted by Assam Agricultural University for B.V.Sc&AH admission at College of Veterinary Science Khanapara & Lakhimpur; m
Bachelor of Hotel Management and Catering Technology Entrance Exam,https://nchmcounselling.nic.in/,True,Official NCHMCT admission & eCounselling portal (NTA NCHM JEE). Fetched OK: shows seat-allotment results and an OR-CR (opening/closing rank) eService for B.Sc. HHA / M.Sc. HA. This is the authoritativ
Bachelor of Science in Nautical Science Admission,https://www.imu.edu.in/imunew/,False,Indian Maritime University (IMU CET) admissions hub. IMU publishes IMU CET opening/closing ranks (OR-CR) per counselling round here via the 'IMU CET Cut-Off' link. Could not be machine-verified by the
Bharati Vidyapeeth Common Entrance Test,https://bvducet.bharatividyapeeth.edu/,True,Official Bharati Vidyapeeth Deemed University CET portal (BVP CET). Fetched OK: registration/exam platform that carries a 'CET Results' link and 'Admission and Counselling Updates'. The merit list (ra
Birla Institute of Technology Mesra Entrance Examination,https://www.bitmesra.ac.in/admission/1/department/11,True,"Replaced the batch URL (bitmesra.ac.in/Show_Brochure_Details/Admission_Criteria) which returns HTTP 404. This is the working official BIT Mesra admission hub (Dean of Admissions page, 'Current Admissi"
Central Sanskrit University Entrance Examination – Sanskrit Studies,https://www.sanskrit.nic.in/admissions_notifications.php,False,"Official Central Sanskrit University admissions-notifications page (replaces the batch's admission.php, which is a wrong/singular path; correct hub is admissions.php / admissions_notifications.php). C"
Chandigarh Polytechnic Entrance,https://chdpolyadmissions.nic.in/,False,Official Chandigarh polytechnic (diploma) admissions/counselling NIC portal. Currently unreachable (connection refused on both https and http) — these NIC counselling portals are seasonal and go offli
Chennai Mathematical Institute Entrance Examination,https://www.cmi.ac.in/admissions/,True,Official CMI admissions page. Fetched OK: links to 'Entrance Examination Results 2026' and detailed exam-paper solutions. CMI does NOT publish public cutoffs/scorecards — selection results are communi
Chhattisgarh Agriculture Entrance Examination,https://vyapam.cgstate.gov.in/,False,CG Vyapam (Chhattisgarh Professional Examination Board) is the official body that conducts CG PAT and publishes its result and combined merit list; agriculture-stream counselling/seat allotment is run
Chhattisgarh Pre Pharmacy and Health Sciences Test,https://cgdte.admissions.nic.in/,False,"Replaced the prior cgdme.admissions.nic.in URL, which is the Directorate of Medical Education portal (MBBS/BDS/MDS/BPT only, verified - no pharmacy). CG PPHT pharmacy (B.Pharm/D.Pharm) counselling, me"
College of Art Chandigarh Entrance Examination,https://gcart.edu.in/,True,"Official Government College of Art, Chandigarh site (verified). Publishes admission merit lists for its aptitude-test/portfolio admissions - BFA/DFASA merit list (merit-list.php), MFA/ADFASA discrepan"
Craft Instructor Training Scheme Admission,https://nimionlineadmission.in/,True,"Official NIMI / DGT (Ministry of Skill Development & Entrepreneurship) CITS online admission portal (verified). Publishes AICET results, trade-wise merit list, qualifying cutoff marks and Round-wise s"
Dadra & Nagar Haveli Polytechnic Entrance,https://dhtednhdd.in/merit-list.html,True,Replaced the generic daman.nic.in/education/ URL. This is the official Dept. of Higher & Technical Education (UT of DNH & DD) merit-list page (verified) for Govt. Polytechnic diploma-engineering admis
DAIICT Entrance Test,https://www.daiict.ac.in/undergraduate-admissions-all-india-category,True,"Official Dhirubhai Ambani University (formerly DA-IICT) B.Tech All-India-category admissions page (verified). Admission is merit-based on JEE Main All India Rank; the page lists eligibility, the six B"
Defence Institute of Advanced Technology Entrance Examination,https://www.diat.ac.in/admission,True,"Official DIAT, Pune admission homepage (verified). Gateway to Admission Notifications, Forms & Downloads, and programme pages (M.Tech via GATE, M.Sc., Ph.D.); shortlists/merit are posted as notificati"
Delhi College of Art Entrance Examination,https://colart.delhi.gov.in/notifications,True,"College of Art (Univ. of Delhi), colart.delhi.gov.in. The provided /admissions URL is dead (404). The notifications page (verified) is where the official entrance/practical-test merit & eligible-candi"
English and Foreign Languages University Entrance Examination – Pashto and Persian,https://www.efluniversity.ac.in/,True,EFLU Hyderabad. The provided /admissions2025 URL is dead (404). UG admission (incl. BA Pashto/Persian) is now entirely CUET-UG based with no separate EFLU UG entrance; merit lists are published via th
Goa Common Entrance Test,https://dte.goa.gov.in/admission/degree-admission-lists,True,DTE Goa. GCET as an exam has been discontinued (2025+ B.E. admission is JEE Main-based). The current authoritative documents are the 'MERIT LIST - B.E.' and 'Eligibility List - B.E.' PDFs (2026) on th
Goa Common Entrance Test – Engineering,https://dte.goa.gov.in/admission/degree-admission-lists,True,DTE Goa engineering (B.E.) admissions. Verified page hosts 'MERIT LIST - B.E.' (2026-06-18) and 'Eligibility List - B.E.' (2026-06-08) PDFs. GCET engineering exam discontinued; B.E. merit now JEE Main
Goa Polytechnic Entrance Examination,https://dte.goa.gov.in/admission/diploma-admission-lists,True,"DTE Goa diploma/polytechnic admissions. Verified page hosts 'MERIT LIST - FIRST YEAR AND SECOND YEAR DIPLOMA COURSES' (2026-05-27, 12 MB) and 'DIPLOMA ELIGIBILITY LIST' (2026-05-22) PDFs. Diploma meri"
Gujarat Common Entrance Test – Polytechnic,https://gujdiploma.admissions.nic.in/,True,"Official ACPDC (Admission Committee for Professional Diploma Courses), Gujarat NIC e-counselling portal for diploma/polytechnic admissions (verified). The provided acpdc.gujarat.gov.in/meritlist.aspx "
Haryana Agriculture Entrance Examination,https://admissions.hau.ac.in/,True,"CCS Haryana Agricultural University (CCSHAU) online pre-admission portal (verified, 'CCSHAU :: ONLINE PRE-ADMISSION'). Admission via CCSHAU CET; merit lists are published per round but are accessed be"
Haryana Bachelor of Arts Entrance Examination,https://admissions.highereduhry.ac.in/,False,"Official Directorate of Higher Education (DHE), Haryana centralized online admission portal where BA merit/selection lists are published (via 'Know your result'). Admission is merit-based on Class 12 "
Haryana Bachelor of Business Administration Admission,https://admissions.highereduhry.ac.in/,False,Same official DHE Haryana centralized online admission portal; BBA merit/selection lists published here. Merit-based on Class 12 marks (no entrance exam ranks). Linked from verified page https://highe
Himachal Pradesh Bachelor of Arts Entrance Examination,https://www.hpuniv.ac.in/innerpage/view_admission_notice_archive.php,True,"Himachal Pradesh University (official .ac.in) admission notices page — UG admission (incl. BA) is merit-based on qualifying-exam marks, with course-wise merit lists released as admission notices by th"
Himachal Pradesh Bachelor of Business Administration Admission,https://www.hpuniv.ac.in/innerpage/view_admission_notice_archive.php,True,Himachal Pradesh University official admission notices page; BBA UG admission is merit-based (qualifying-exam marks) with merit lists published as admission notices. No static cutoff/rank table. Verif
Himachal Pradesh Polytechnic Admission Test,https://www.hptechboard.com/results-pat,False,"Official Himachal Pradesh Takniki Shiksha Board (HPTSB), Dharamshala PAT results/counselling page (conducting body for the HP Polytechnic Admission Test / HP PAT). Publishes PAT result gazette and sea"
Himachal Pradesh Polytechnic Entrance,https://www.hptechboard.com/results-pat,False,Same exam as HP PAT (HP Polytechnic Admission Test) conducted by HPTSB Dharamshala. Official PAT results/counselling page where result gazette and seat-allotment cutoffs are published. Returns HTTP 40
Indian Institute of Petroleum and Energy Entrance Examination,https://iipe.ac.in/Academics/Cutoff.html,True,"Official IIPE Visakhapatnam (.ac.in) cutoff page listing B.Tech (JoSAA/JEE-Advanced) and M.Sc category-wise closing ranks by year, with downloadable PDFs e.g. https://iipe.ac.in/Academics/pdf/CUT%20OF"
Indian Institute of Science Bachelor of Science Research Admission,https://iisc.ac.in/wp-content/uploads/2025/08/BS-PROGRAM-CUT-OFFS-2021-2025_AR_final.pdf,True,"Official IISc-published PDF 'Year-wise Cutoff for Bachelor of Science (Research) Programme' (2021-2025), JEE-Advanced category-rank cutoffs. URL resolves to the official iisc.ac.in domain (matches exi"
Indian Institute of Space Science and Technology Admission,https://www.iist.ac.in/admission/undergraduate-admissions-statistics,True,Official IIST 'Undergraduate Admissions: Statistics' page showing opening/closing JEE-Advanced percentages and admission ranks by category (General/EWS/OBC/SC/ST) per programme for 2017-2025. More spe
Indian Institutes of Science Education and Research Aptitude Test,https://iiseradmission.in/,False,Official IISER Joint Admissions Committee portal (iiseradmission.in) where round-wise IAT cutoffs / merit list / seat allotment are published. Actual cutoff and merit-list data are behind candidate lo
Indira Gandhi National Tribal University Entrance Examination Folk Literature,https://igntu.ac.in/ETResult2025/Result%20UG%20PG%20Open%20Counselling.pdf,True,Official IGNTU 'Provisional Selection List - Second Open Counselling (UG/PG Admission 2025-26)' PDF on igntu.ac.in. Contains the selected-candidate merit list for B.A. (Tribal Studies-Art-Culture & Fo
Indira Kala Sangeet University Entrance,https://www.iksv.ac.in/portal/admission,True,"Official admission page of Rajkumari Indira Singh Kala Sangeet Vishwavidyalaya (IKSV), Khairagarh (iksv.ac.in). Publishes audition/aptitude 'Selected Students' merit lists (2025-26 List II/III) across"
Institute of Hotel Management Catering Technology Entrance Vegetarian Culinary Arts,https://nchmcounselling.nic.in/or-cr/,True,Official NCHMCT e-counselling OR-CR (opening-closing rank) page on nchmcounselling.nic.in. NCHM JEE is the national entrance for IHM B.Sc Hospitality/Culinary programmes; institute-wise opening/closin
Integrated Bachelor of Arts and Bachelor of Education Entrance Examination,https://exams.nta.nic.in/ncet/,True,Official NTA NCET portal (exams.nta.nic.in/ncet) - the National Common Entrance Test conducted by NTA on behalf of NCTE for the 4-year Integrated Teacher Education Programme (includes integrated BA B.
Jamia Millia Islamia Mass Communication Entrance,https://admission.jmi.ac.in/,True,"Official JMI admission portal (verified, contact admission@jmi.ac.in). Publishes entrance results and merit lists via its 'Click for Results' / EntranceResults section; AJK MCRC Mass Communication ent"
Jamia Social Work Entrance,https://admission.jmi.ac.in/,True,Official JMI admission portal (verified). PG MA/MSW Social Work entrance merit list is published here under the results section; JMI admits to PG courses via offline entrance test and posts a programm
Jawaharlal Institute of Postgraduate Medical Education and Research Nursing Entrance Examination,https://jipmer.edu.in/announcement/bsc-nursing-ahs-courses-counselling%E2%80%93-2025-26-academic-year,False,Official JIPMER B.Sc (Nursing/AHS) counselling & merit-list announcement page (more specific than the previous /education/undergraduate URL). Confirmed via search to host the provisional/category-wise
Jharkhand Bachelor of Business Administration Admission,https://jharkhanduniversities.nic.in/,False,"Replaced the third-party shiksha link. The Jharkhand Chancellor Portal (jharkhanduniversities.nic.in) is the official admissions portal for Jharkhand state universities, but there is no centralised of"
Jharkhand Combined Entrance Competitive Examination Pre Polytechnic Test,https://jceceb.jharkhand.gov.in/,True,"Official JCECEB board site (verified) — the body that conducts the Jharkhand Pre-Polytechnic / PECE polytechnic entrance and publishes its merit list, counselling notices and seat allotment. The dedic"
Joint Entrance Test Agriculture,https://jetskrau2026.com/,True,"Official Rajasthan JET (Joint Entrance Test, Agriculture) portal of Swami Keshwanand Rajasthan Agricultural University (SKRAU), Bikaner (verified) — the body that releases the JET result, merit/rank l"
Kalinga Institute of Industrial Technology Entrance Examination Management Undergraduate,https://admission.kiit.ac.in/management/,False,Official KIIT/KSOM management (MBA/BBA via KIITEE) admission page on the kiit.ac.in domain. Fetch returned a transient connection error (ECONNREFUSED) and the main admission site kiitee.kiit.ac.in ret
Kashmir Polytechnic Entrance,https://jkbote.ac.in/notice.php,True,"Polytechnic/diploma admission in J&K and Ladakh is handled by JKBOTE (Jammu & Kashmir Board of Technical Education), not JKBOPEE. This notices page lists the official 'Provisional Merit List' and 'Pro"
Kerala Nursing Entrance Examination,https://lbscentre.in/paramnursingnew/downloads/lastrank.pdf,True,"Kerala BSc Nursing admission is conducted by LBS Centre for Science & Technology (Govt. of Kerala), NOT KEAM/CEE. Replaced the wrong cee.kerala.gov.in/keam-2025 link. This is the official 'last rank' "
Kerala Paramedical Entrance Examination,https://lbscentre.in/paramnursingnew/downloads/lastrank.pdf,True,"Kerala Paramedical admission is conducted by LBS Centre for Science & Technology (Govt. of Kerala). This official last-rank PDF (loaded, 191KB) covers paramedical streams; live rank-list filter page i"
Kerala Polytechnic Entrance Examination,https://www.polyadmission.org/,True,"Official DTE Kerala / SITTTR polytechnic (diploma) admission portal, verified live. Diploma admission sub-portal is polyadmission.org/diploma. Rank list and seat allotment ('last index' cutoffs) are r"
Ladakh Bachelor of Business Administration Entrance Examination,https://highereducation.ladakh.gov.in/,True,"Official Higher Education Ladakh single-window portal (verified live), the authoritative body for UG admissions including the University of Ladakh which offers BBA. Replaced the third-party collegedek"
Madhya Pradesh Bachelor of Arts Entrance Examination,https://epravesh.highereducation.mp.gov.in/,True,"Official MP Dept. of Higher Education ePravesh admission portal; UG (BA) admission is merit-based, provisional merit lists and seat allotment are published here. Replaces the prior third-party Shiksha"
Madhya Pradesh Bachelor of Business Administration Entrance Examination,https://epravesh.highereducation.mp.gov.in/,True,Same official MP ePravesh portal; BBA UG admission is merit-based with provisional merit lists/allotment published here. Replaces the prior third-party Shiksha link. Allotment/merit data is behind stu
Madhya Pradesh Pre Engineering Test,https://dte.mponline.gov.in/Portal/Services/OnlineCounselling/NW/Utilities/Citizen/frmYearWiseCutoff.aspx,True,Official DTE MP (MPOnline) year-wise cutoff utility for engineering/pharmacy/diploma counselling (admission now JEE-Main based via DTE). Page loaded; it is an ASP.NET filter form (course/institute/bra
Madhya Pradesh Pre Nursing Selection Test,http://esb.mp.gov.in/results/RESULT_25/PNST_GNMTST_RES25/default_Results.htm,False,"Official MP Employees Selection Board (ESB) result page for PNST/GNMTST 2025 (esb.mp.gov.in domain, from official search result). Could not WebFetch-verify (server TLS certificate chain error), but it"
Madhya Pradesh Pre Veterinary and Fisheries Test,https://esb.mp.gov.in/results/RESULT_22/PVFT_RES22/default_Results.htm,False,"Official MP ESB PV&FT result/merit page (esb.mp.gov.in domain, year 2022 result archive; RESULT_21 also exists). Could not WebFetch-verify due to ESB TLS certificate error, but it is the authoritative"
Maharaja Sayajirao University of Baroda Fine Arts Entrance Examination,https://msubaroda.ac.in/academics/FFA,False,Official MSU Baroda Faculty of Fine Arts page; admission is via programme-specific entrance tests and merit/provisional admission lists are posted here (e.g. Accessory Design merit list 2026-27). Coul
Maharashtra Bachelor of Science Nursing Common Entrance Test,https://medical2024.mahacet.org/NURSING-2024/instructions-downloadFile/CUTOFF%202024%20Nursing.pdf,False,"Official Maharashtra CET Cell BSc Nursing CAP 2024 cutoff PDF (medical2024.mahacet.org, the CET Cell counselling domain); general live cutoff portal is https://cetcell.mahacet.org/cutoff-explorer/. We"
Maharashtra Paramedical Common Entrance Test,https://dmer.maharashtra.gov.in/english/admission/paramedical-admission/,True,"Official DMER (Directorate of Medical Education & Research, Maharashtra) paramedical admission page, listing BPMT and B.Sc Optometry admission notices/process for AY 2025-26. The CAP counselling/merit"
Maharashtra Polytechnic Entrance Examination,https://poly25.dtemaharashtra.gov.in/diploma25/index.php/hp_controller/instwiseallotment,True,"Verified working: official DTE Maharashtra First Year Post-SSC Diploma (polytechnic) institute-wise CAP allotment page, listing 148+ institutes with downloadable CAP I-IV allotment/cutoff PDFs for 202"
Manipur Polytechnic Entrance Examination,https://dte.mn.gov.in/,False,"Directorate of Technical Education, Manipur is the authoritative body that publishes the polytechnic admission merit list (downloadable by application number/DOB). The site dte.mn.gov.in refused conne"
Meghalaya Bachelor of Business Administration Entrance Examination,https://nehu.ac.in/admission/announcement,False,NEHU (North-Eastern Hill University) BBA admission is CUET-UG/merit-based; final selection is via a university cutoff and merit list posted on the NEHU admission announcements page. Fetch failed on a 
Meghalaya Engineering Entrance Examination,https://megeducation.gov.in/dhte/pages/merit%20list.html,True,"Verified working: official Meghalaya Directorate of Higher & Technical Education (DHTE) merit list page, listing selected-candidate merit list PDFs for B.Tech admission (e.g. Nagaland University quota"
Meghalaya Polytechnic Entrance Examination,https://megeducation.gov.in/dhte/pages/merit%20list.html,True,"Verified working: official Meghalaya DHTE merit list page, listing 'Merit List of candidates selected for Diploma Level Engg/Pharmacy Courses' PDFs (AY 2021-22, 2020-21) plus Printing Technology diplo"
Mizoram Bachelor of Business Administration Entrance Examination,https://mzu.edu.in/category/admissions/,False,Official Mizoram University admissions section that lists selected/merit lists. UG (incl. BBA) admission is now CUET-based and MZU publishes campus/affiliated-college merit lists here. Replaces the th
Mizoram Engineering Entrance Examination,https://mzu.edu.in/merit-list-for-b-tech-regular-entry-mzueee-2025/,False,Official MZUEEE 2025 B.Tech (Regular Entry) merit list page on Mizoram University site (more specific than the homepage). Confirmed via search; could not fetch directly because mzu.edu.in throws an SS
Mizoram Polytechnic Entrance,https://dhte.mizoram.gov.in/page/mizoram-diploma-entrance-examination-2024-mdee-results,True,Fetched. Official Mizoram Dept. of Higher & Technical Education (DHTE) MDEE results page (Mizoram Diploma Entrance Examination for polytechnic admission). Links to the official MDEE 2024 results PDF (
Nagaland Engineering Entrance Examination,https://dte.nagaland.gov.in/index.php/jee/,True,"Fetched. Official Directorate of Technical Education, Nagaland page for JEE(Main)-based undergraduate engineering (B.E/B.Tech) admission; directs to jeemain.nta.nic.in. Nagaland has no separate state "
Nagaland Polytechnic Entrance,https://dte.nagaland.gov.in/index.php/results/,True,"Fetched. Official DTE Nagaland results page listing Diploma Entrance Examination (DEE) merit/selection lists for state Government Polytechnics & NTTC, e.g. MERIT-LIST-OF-APPLICANTS-TO-DIPLOMA-PROGRAMM"
Narsee Monjee Institute of Management Studies Law Aptitude Test,https://nlat.nmims.edu/,True,"Fetched. Official NMIMS NLAT/LAT law entrance exam portal (SVKM's NMIMS, Kirit P. Mehta School of Law) for BA LL.B.(Hons) and BBA LL.B.(Hons). Result/merit list is accessed via candidate login on the "
National Forensic Sciences University Forensic Science Entrance Examination,https://nfsu.ac.in/gujarat_merit_list,True,"Fetched. Official NFSU (Gandhinagar/Gujarat campus) merit list page carrying NFAT-based Forensic Science merit lists: B.Sc.-M.Sc. Forensic Science (First/Second/Third/Comprehensive call PDFs, AY 2025-"
National Institute of Mental Health and Neuro Sciences Bachelor of Science Neurophysiology Entrance Examination,https://www.nimhans.ac.in/academics/admissions,False,"Official NIMHANS admissions page (admission notifications, prospectus, entrance/merit results for UG B.Sc courses incl. Neurophysiology Technology). Selection is on entrance-test merit; published list"
National Rail and Transportation Institute Transport Technology Entrance Examination,https://gsv.ac.in/admission-notification/,True,"Official Gati Shakti Vishwavidyalaya (formerly NRTI), Vadodara admission-notification page (loads; lists 2026-27 admission brochure/notifications and B.Tech programs). B.Tech admission is via JEE Main"
National Standard Examination,https://www.iapt.org.in/exams.html,False,"Official IAPT National Standard Examination (NSEP/NSEC/NSEB/NSEA/NSEJS) page; IAPT publishes results, Minimum Admissible Score (MAS) and state/national merit lists at iapt.org.in (e.g. state cut-off P"
North Eastern Indira Gandhi Regional Institute of Health and Medical Sciences Bachelor of Science Nursing Entrance Examination,https://neigrihms.gov.in/examsresults.html,True,Official NEIGRIHMS Examination Results page (loads; lists B.Sc Nursing entrance-exam result + PG merit lists). Admission/merit is NEET-UG-score based for this single institute; published output is a c
Odisha Diploma Entrance Test,https://skill.samsodisha.gov.in/diploma/Cutoffmark_Diploma.aspx,False,Official SAMS Odisha (SCTEVT/DTET) diploma 'Academic Session Wise Cut-Off Marks (%)' page. Note: Odisha discontinued the written Diploma Entrance Test (DET) from 2016-17; diploma admission is now Clas
Odisha Polytechnic Entrance Examination,https://skill.samsodisha.gov.in/diploma/Cutoffmark_Diploma.aspx,False,Same official SAMS Odisha diploma portal as Odisha DET; 'Academic Session Wise Cut-Off Marks (%) Diploma' page plus institute/category-wise merit (MeritlistFresh.aspx) and allotment (Dip_SeatAllotment
Online Facilitation System for Students Bihar University Admission,https://www.ofssbihar.in/Higher-Education/index.aspx,False,Official OFSS Bihar (BSEB) portal for Intermediate/Class-11 and graduation admissions; college/stream-wise selection (merit/cut-off) lists are published per round on the OFSS portal (ofssbihar.net/ofs
Panjab University Design Entrance Examination,https://design.puchd.ac.in/show-noticeboard.php,False,Official noticeboard of PU's School of Design where B.Des merit/admission notices are posted; server refused connection (ECONNREFUSED) at fetch time so could not confirm live. B.Des (Fashion & Lifesty
Paramedical State Common Entrance Test,https://wbjeeb.nic.in/jenpas-ug/,False,"Generic multi-state label; the representative official body is WBJEEB's JENPAS-UG (Joint Entrance for Nursing, Paramedical & Allied Sciences). Official portal wbjeeb.nic.in/jenpas-ug; opening/closing "
Puducherry Bachelor of Business Administration Entrance Examination,https://www.centacpuducherry.in/,True,"Puducherry UG (incl. BBA) admission is handled by CENTAC (Centralised Admission Committee, Govt. of Puducherry); homepage links live UG Non-NEET (Arts/Science/Commerce) draft & revised merit lists. Th"
Puducherry Polytechnic Entrance,https://www.centacpuducherry.in/,True,"CENTAC (Centralised Admission Committee, Govt. of Puducherry) conducts Puducherry polytechnic/diploma admission. Homepage publishes round-wise merit lists and cut-off pages (e.g. .../htmlpages/<year>/"
Punjab Bachelor of Business Administration Entrance Examination,https://cetug.puchd.ac.in/,False,Sheet pointed to a generic Shiksha course page (wrong). Panjab University BBA admission is via PU-CET (UG); merit list/cutoffs published at cetug.puchd.ac.in (UG admissions: ugadmissions.puchd.ac.in/m
Punjab Joint Entrance Test Diploma,https://punjabteched.com/,True,PSBTE & IT (Punjab State Board of Technical Education & Industrial Training) conducts Punjab diploma/polytechnic admission (Punjab JET). Official site punjabteched.com (frameset) carries the Diploma A
Punjab State Board of Technical Education Polytechnic Admission Test,https://punjabteched.com/,True,"Same conducting body as Punjab JET Diploma: PSBTE & IT, punjabteched.com. Diploma admission merit lists and seat allotment are accessed via the Punjab Diploma Admission link (login-gated); diploma exa"
Rabindra Bharati University Entrance,https://www.rbu.ac.in/home/noticeall,True,"Official RBU notices page; fetched OK. Carries admission and merit-list publication notices (e.g. '1st merit list 4-year UG Programme (B.F.A.) under NCCF', dated 23 June 2026). Actual merit lists are "
Rajasthan Bachelor of Business Administration Entrance Examination,https://dceapp.rajasthan.gov.in/DCE_Application/SearchMeritNew.aspx,False,"Replaced the wrong Shiksha link. Rajasthan BBA admission to govt colleges is merit-based (Class-12 marks, no separate entrance) and handled by Dept of College Education; this is the official central m"
Rajasthan Engineering Admission Process,https://reap2025.com/seat-allotment.php,False,"Official REAP (Centre for Electronic Governance, Govt of Rajasthan) seat-allotment/cutoff page; confirmed via search as the live REAP 2025 counselling portal. WebFetch returned HTTP 403 (bot-block), s"
Rajasthan University of Health Sciences Entrance Examination,https://ruhsraj.org.in/,False,Official RUHS site is ruhsraj.org.in (the old ruhsraj.org/admission/ has an invalid TLS certificate). RUHS conducts NEET-based counselling and publishes cutoffs/closing ranks here. Both domains return
Rajiv Gandhi Institute of Petroleum Technology Bachelor of Technology Entrance Examination,https://www.rgipt.ac.in/BTech-Admission-2025-26/assets/pdf/Cutoff%20List%20Round%201%20first%20seat%20allotemnt%202025.pdf,True,Official RGIPT B.Tech 2025-26 Round-1 first-seat-allotment cutoff PDF; fetch returned a valid PDF (105 KB). Parent admission page: https://www.rgipt.ac.in/BTech-Admission-2025-26/ . PDF is a scanned/n
Rashtriya Raksha University (Police),https://rru.ac.in/admission,False,"Official admission page of Rashtriya Raksha University (national police/security university, Gandhinagar); confirmed via search. Program-wise merit lists are published as separate pages (e.g. https://"
Sikkim Bachelor of Business Administration Entrance Examination,https://cus.ac.in/index.php/en/admissions-2025-26-all-info-page,False,"Replaced the wrong Sikkim Manipal University Shiksha link. Homepage cus.ac.in is Sikkim University / Central University of Sikkim; UG admission (incl. BBA) is CUET-based, with merit lists/info on this"
Sikkim Polytechnic Entrance Examination,https://www.sikkim.gov.in/departments/education-department/technical-education-in-sikkim,True,"Official Sikkim Govt (HRDD) technical-education page covering the state polytechnics (ATTC, CCCT). Polytechnic diploma admission is run by the Directorate of Technical Education, HRDD; merit lists are"
Sir Jamsetjee Jeejebhoy School of Art Entrance Examination,https://cetcell.mahacet.org/,False,BFA admission to Sir JJ School of Art is through MAH-AAC-CET conducted by the Maharashtra State CET Cell. cetcell.mahacet.org is the official CET-cell body (confirmed via search; returns HTTP 403 to a
St Xavier's College Entrance Examination,https://entrancetest.xaviers.edu/,True,Official St Xavier's College Mumbai Entrance Test (XET) portal where UG merit lists/results are published. Selection = 60% XET + 40% Class 12. Page loads as a JS app (no static table). already_has_dat
Tamil Nadu Bachelor of Business Administration Entrance Examination,https://www.tngasa.in/,True,Official Tamil Nadu Govt Arts & Science Colleges Admission (TNGASA) online counselling portal. BBA admission uses the TNGASA general rank list based on Class 12 marks; college-wise rank/merit lists ar
Tamil Nadu Dr Ambedkar Law University Entrance Test,https://tndalu.ac.in/admission-cut-off-mark-2025-26,True,"Official TNDALU page titled 'LAW ADMISSION CUT-OFF MARKS' listing ~12 downloadable cutoff PDFs by program/round/category (5-Year B.A.LL.B affiliated colleges, 3-Year LL.B, SOEL 5-Year Honours, 7.5% sp"
Tata Institute of Social Sciences Bachelor Admission Test,https://admissions.tiss.edu/,False,Official TISS admissions portal (also reachable at admissions.tiss.ac.in). UG/Bachelor admission is now via CUET-UG; TISS publishes campus/course-wise merit lists rather than separate cutoff scores. W
Tata Institute of Social Sciences Bachelor of Vocation Agriculture Entrance Examination,https://sve.tiss.edu/TISS/index.php?p=viewProgramme&programmeId=2,True,Official TISS School of Vocational Education programme page for the Bachelor in Agriculture (B.Voc). Admission details are via the Admission Brochure/Timeline (sve.tiss.edu/admission); no static cutof
Tripura Polytechnic Entrance Examination,https://highereducation.tripura.gov.in/sites/default/files/DEEET_2026_Provisional_Common_Merit_List.pdf,True,"Tripura polytechnic/diploma admission is via DEEET (Diploma Engineering Entrance Examination of Tripura), conducted by the Directorate of Higher Education, Govt of Tripura. The technical-education sec"
Uttar Pradesh Common Nursing Entrance Test,https://abvmuup.edu.in/cnet.php,True,"Official CNET (Common Nursing Entrance Test) page of Atal Bihari Vajpayee Medical University UP. Confirmed it is the CNET exam page; results, merit list and counselling are served through the linked c"
Uttarakhand Joint Entrance Examination Polytechnic,https://admissions.ubterjeep.co.in/,True,"Official UBTER JEEP Admission and eCounselling portal (Uttarakhand Board of Technical Education) for polytechnic admissions. Verified live: lists seat-matrix PDFs (Group-E engineering, Group-P pharmac"
Uttarakhand Nursing Entrance Exam,https://www.hnbumu.ac.in/,True,"Hemwati Nandan Bahuguna Uttarakhand Medical Education University (HNBUMU), Dehradun conducts the Uttarakhand Nursing entrance exam. Homepage verified live and links the 'Uttarakhand Nursing/Paramedica"
Uttarakhand Paramedical Entrance Exam,https://www.hnbumu.ac.in/paramedical_courses.html,True,HNBUMU (hnbumu.ac.in) conducts the combined Uttarakhand Nursing/Paramedical entrance exam; the paramedical_courses page and the 'Uttarakhand Nursing/Paramedical Entrance Examinations 2026' portal (ems
Uttarakhand State Entrance Examination,https://uktech.ac.in/,False,Uttarakhand Technical University (UTU/UKTech) site. The prior link /en/page/admissions returns a 'Global Page Error' (dead); replaced with the working domain root. UKSEE was scrapped in 2023 and B.Tec
West Bengal Bachelor of Arts Admission,https://wbcap.in/,True,West Bengal Centralised Admission Portal (WBCAP) run by the West Bengal State Council of Higher Education — single-window UG admission (including BA) to govt/govt-aided colleges. 1st merit list publis
ALLIANCE UNIVERSITY ENTRANCE TEST,https://www.alliance.edu.in/programmes/btech/admission-process,True,Official Alliance University admission/selection-criteria page (AUSAT/AUEET/AMAT). Alliance does not publish entrance-test opening/closing cutoffs; admission is profile + own-test based. No dedicated 
Actuarial Common Entrance Test,https://www.actuariesindia.org/entrance-exam-result,False,Official IAI ACET results page. Correct official domain but the fetcher hit a TLS certificate error (unable to verify first certificate). ACET is declared pass/fail only (absolute 50% pass mark); no r
Aligarh Muslim University Entrance Examination – Law,https://www.amucontrollerexams.com/,True,Official AMU Controller of Examinations portal where BA LLB merit lists / 'Results of Examination' (Select/Memo/Special-category PDFs with roll no & rank) are published. No permanent law-specific cuto
Aligarh Muslim University Undergraduate Entrance Test,https://www.amucontrollerexams.com/,True,"Official AMU Controller of Examinations portal; AMUEEE (and other UG) results / merit lists are released here as PDFs (Select List, Memo List, Special Category) with roll no & rank. AMU does not publi"
All India Law Entrance Test,http://www.nationallawuniversitydelhi.in/,False,"Official NLU Delhi site, which doubles as the AILET portal (homepage titled 'AILET 2026'). AILET counselling schedules and round-wise BA LLB/LLM merit lists & cut-offs are published here. HTTPS fetch "
Amity University Entrance Examination,https://www.amity.edu/admission-procedure-cutoff.aspx,True,Official Amity admission/cutoff navigation page. Amity admission is rolling and profile/CUET/ASAT-based; it does not publish fixed entrance-test cutoff ranks/scores. This page lists program eligibilit
Amrita Engineering Entrance Examination,https://aeee.amrita.edu/,True,Official AEEE admission portal (amrita.edu/admissions/btech/cutoff/ now 301-redirects here). AEEE results/ranks and CSAP counselling are published here. Amrita explicitly does NOT release opening/clos
Andhra Pradesh Engineering and Agriculture and Pharmacy Common Entrance Test,https://eapcet-sche.aptonline.in/EAPCET/,True,Official APSCHE AP EAPCET counselling portal (live). Publishes college-wise last rank / opening-closing rank reports during counselling. The prior deep link .../Views/CollegeWiseLastRank.aspx now retu
Andhra Pradesh Law Common Entrance Test,https://lawcet-sche.aptonline.in/LAWCET/Home/CollegeWiseAllotmentReport,True,"Verified live: official AP LAWCET/PGLCET College-Wise Allotment Report (APSCHE, run by SPMVV Tirupati). Filterable by college/branch showing rank, category and allotted phase per candidate — the offic"
Andhra Pradesh Polytechnic Entrance Examination,https://appolycet.nic.in/,False,"Official AP POLYCET site (NIC). Publishes 'ADMISSIONS LAST RANK DETAILS' PDFs (e.g. APPOLYCET2023ADMSLASTRANKDETAILS.pdf) confirmed via search index. Fetcher got ECONNREFUSED (NIC blocks the bot), so "
Assam Combined Entrance Examination,https://cee.dtecounselling.in/,False,Replaced astu.ac.in (only hosts result). Official DTE Assam CEE counselling portal that publishes opening/closing-rank cut-off PDFs (e.g. /public/official/cut-off-r2.pdf). Redirects to dtecounselling.
Baba Farid University of Health Sciences Punjab Para Medical Entrance Test,https://bfuhs.ac.in/,True,Official BFUHS Faridkot site (live) carrying PPMET / BSc Nursing entrance admission notices and merit list. The prior AllNotifications.aspx path now 404s; PPMET merit list and counselling notices are 
Banaras Hindu University Undergraduate Entrance Test – Law,https://admission.bhu.ac.in/,True,BHU law (LLB / BA LLB) admission is now via CUET; the old bhuonline.in application portal is deprecated. admission.bhu.ac.in is the live official BHU admission portal for merit list / seat allotment (
Bihar Combined Entrance Competitive Examination,https://bceceboard.bihar.gov.in/pdf_Web/BC_ENG25_FCOFF.pdf,True,Official BCECE[ENGINEERING]-2025 First Round opening & closing rank PDF (fetched/downloaded from bceceboard.bihar.gov.in). The prior link pointed to UGMAC (medical) and 404s. Board homepage bceceboard
Bihar Engineering Entrance Examination,https://bceceboard.bihar.gov.in/pdf_Web/BC_ENG25_FCOFF.pdf,True,Official BCECEB first-round opening/closing rank PDF for BCECE[Engineering]-2025. Directly fetched - returns a real ~795KB PDF from the official bceceboard.bihar.gov.in domain; search result title con
Bihar Polytechnic Common Entrance Competitive Examination,https://bceceboard.bihar.gov.in/pdf_Web/DC_PE25_FOCFF.pdf,True,Official BCECEB DCECE[PE]-2025 first-round opening/closing rank PDF (Bihar Polytechnic). Fetched directly and returned a real ~598KB PDF. The prior PE_OpeningClosingRank.pdf path in the sheet appears 
Birla Institute of Technology and Science Admission Test,https://bitsadmission.com/FD/BITSAT_cutOffs.html?yr=2024-2025,True,Official BITS admission first-degree BITSAT cutoff-scores page (bitsadmission.com). Directly fetched and verified: campus- and program-wise cut-off scores (Pilani/Goa/Hyderabad) covering 2017-2018 thr
Central Teacher Eligibility Test,https://ctet.nic.in/,True,"Official CBSE CTET site (NIC-hosted). CTET has no rank cutoff; it publishes qualifying marks (60% General / 55% reserved) and result links here. No dedicated standalone cutoff page exists, so the offi"
Chandigarh University Common Entrance Test,https://cucet.cuchd.in/,True,"Official CUCET entrance portal of Chandigarh University. CUCET is a scholarship-cum-admission test (up to 100% scholarship, qualifying ~30%) with no published rank cutoff; this is the authoritative ex"
Chandigarh University Common Entrance Test – Engineering,https://cucet.cuchd.in/,True,"Same exam as CUCET, engineering stream. Official CUCET exam portal (verified). The previously listed cuchd.in/admissions/engineering/ returns HTTP 404. No separate engineering rank cutoff/merit list i"
Chartered Accountancy Final Examination,https://icai.nic.in/caresult/,False,"Official ICAI / NIC CA exam result portal (CA Final result, scorecard and merit list of top rankers). Fetcher timed out, but search confirms icai.nic.in/caresult as the official result page. CA Final "
Chartered Accountancy Foundation Examination,https://icai.nic.in/caresult/,True,"Official ICAI result portal (icai.nic.in/caresult). CA Foundation has no rank cutoff; pass = 40% per paper + 50% aggregate, plus a merit/pass-percentage list announced by ICAI. Replaces the careers360"
Chhattisgarh Pre Engineering Test,https://cgdte.admissions.nic.in/,False,Official NIC counselling portal of DTE Chhattisgarh where CG PET seat allotment and round-wise cutoffs are published (cutoff PDFs also on cgdteraipur.cgstate.gov.in). More specific than the DTE homepa
Chhattisgarh Pre Polytechnic Test,https://cgdte.admissions.nic.in/,False,"Same official NIC DTE Chhattisgarh counselling portal handles CG PPT (polytechnic/diploma) registration, seat allotment and merit/cutoff lists (also cgdteraipur.cgstate.gov.in). Not fetchable due to s"
Christ University Entrance Examination,https://christuniversity.in/admission-all,True,Official Christ University admissions section. Admission is via entrance test + micro-presentation + interview with no public rank cutoff PDF; this is the authoritative admission/results entry point. 
Cochin University of Science and Technology Combined Admission Test – Marine Engineering,https://admissions.cusat.ac.in/?tag=ranklist,False,Official CUSAT admissions portal CAT rank-list section (includes Marine Engineering rank lists/allotment). A category-wise marine last-rank page also exists at doa.cusat.ac.in/marine_lastrank_2024.php
Common Design Entrance Examination,https://www.ceed.iitb.ac.in/2026/,True,"Official CEED (IIT Bombay) site; the /2025/ URL redirects here to the current 2026 cycle, which publishes Part-A qualifying cutoffs and results. Updated from the stale /2025/ path. Redirect confirmed "
Common Law Admission Test – Undergraduate,https://consortiumofnlus.ac.in/,True,"Official Consortium of NLUs site, which publishes the CLAT UG merit list and round-wise NLU opening/closing-rank cutoffs (under Notifications/Important Events). Fetched live showing current CLAT 2026 "
Common University Entrance Test – Undergraduate,https://cuet.nta.nic.in/,True,Official NTA CUET-UG site (scorecard/result portal). NTA does NOT publish cutoffs and there is no centralized CUET-UG counselling — each participating university releases its own course/category-wise 
Company Secretary Executive Entrance Test,https://www.icsi.edu/exam/exam-results/,True,"CSEET is a qualifying exam with fixed pass marks (min 40% per paper, 50% aggregate) — there is NO rank-based cutoff or merit-list cutoff. This is the official ICSI exam-results hub (links to e-marks s"
Consortium of Medical Engineering and Dental Colleges of Karnataka Undergraduate Entrance Test,https://www.comedk.org/uploads/Engineering-Cut-Off-Ranks-after-Round-1-Allotment%20-Notified-on-28.07.2025.pdf,True,Official COMEDK engineering closing/cutoff ranks PDF after Round 1 allotment (notified 28.07.2025); fetched a live 1.1MB PDF from comedk.org. The previous URL (engineering-cutoff-ranks.pdf) is dead (4
Delhi Common Entrance Test for Polytechnic Admission,https://cetdelhi.nic.in/,False,"Official NIC CET-Delhi (DTTE, Govt of NCT Delhi) counselling/result/seat-allotment portal where polytechnic allotment & closing ranks are published. Connection refused at fetch time (seasonal portal a"
Footwear Design and Development Institute All India Selection Test,https://fddiindia.com/admission-process,True,Official FDDI admission-process page (live). FDDI publishes an AIST Common Merit List (CML) and runs online counselling here / via admissions.fddiindia.com — no separate rank-cutoff page. The previous
Gujarat Common Entrance Test,https://gujacpc.admissions.nic.in/,True,"Official Gujarat ACPC (Admission Committee for Professional Courses, DTE Gujarat) eCounselling portal for GUJCET-based BE/B.Tech admissions; merit list and Round-wise opening/closing-rank cutoffs are "
Gujarat Common Entrance Test – Medical and Pharmacy,https://www.medadmgujarat.org/ug/home.aspx,True,"Official ACPUGMEC (Admission Committee for Professional UG Medical Courses, Gujarat) portal — publishes category-wise merit lists, round-wise rank/institute-wise allotment results and last-rank cutoff"
Guru Gobind Singh Indraprastha University Common Entrance Test,https://ipu.admissions.nic.in/cutt-off-2024-25/,True,Official IPU CET counselling portal (ipu.admissions.nic.in) cutoff page; publishes round-wise opening/closing rank PDFs by CET programme code. Better than the generic portal homepage.
Guru Gobind Singh Indraprastha University Common Entrance Test for Bachelor of Hotel Management and Catering Technology,https://ipu.admissions.nic.in/cutt-off-2024-25/,True,Same official IPU counselling cutoff page; BHMCT is one of the CET programme codes whose round-wise cutoff PDFs are listed here.
Guru Gobind Singh Indraprastha University Common Entrance Test for Bachelor of Journalism and Mass Communication,https://ipu.admissions.nic.in/cutt-off-2024-25/,True,Same official IPU counselling cutoff page; BJMC is one of the CET programme codes whose round-wise cutoff PDFs are listed here.
Himachal Pradesh Common Entrance Test,https://counselling-hptu.hp.gov.in/,True,"Official HPTU/HPCET counselling portal (.gov.in), linked from himtu.ac.in/en/admissions/hpcet. Replaces the wrong current URL (hptechboard.com is the HP Technical Education Board, a different body). C"
Indian Council of Agricultural Research All India Entrance Examination for Admission Undergraduate,https://icarcounseling.com/,True,"Official ICAR UG online counselling portal (maintained for ICAR, links to icar.org.in); has a 'Cut Off - 2025' section for CUET (ICAR-UG). Replaces icaradmission.in. Note: icarcounselling.com (double-"
Indian Institute of Art and Design Entrance Test,https://www.iiad.edu.in/admissions/,False,"Correct official IIAD admissions page for the iDAT entrance, but the fetcher is bot-blocked (HTTP 403); confirmed live via search. IIAD does not publish a numeric cutoff/closing-rank list - selection "
Indian Institute of Foreign Trade Entrance Examination,https://www.iift.ac.in/iift/new-admissions.php,True,Official IIFT MBA(IB) admissions hub (the old admissions.php now 404s). IIFT admits on CAT score; the official cutoff/shortlist criteria are in the Selection Criteria PDF linked here (e.g. iift.ac.in/
Indian Maritime University Common Entrance Test,https://www.imu.edu.in/imunew/results,False,Official IMU results/merit-list page on imu.edu.in (results + counselling rank lists published in PDF after each round). Fetcher hit a TLS 'unable to verify first certificate' error; domain and page c
Jain Entrance Test,https://set.jainuniversity.ac.in/jet-results,True,"Official JET results portal (set.jainuniversity.ac.in) publishing JET merit lists (day/session-wise PDFs), scholarship lists and merit-counselling lists for B.Tech admissions. Jain publishes cutoffs a"
Jamia Millia Islamia Engineering Entrance Examination,https://admission.jmi.ac.in/EntranceResults/DeclaredResultsLists,True,Official JMI admission portal declared-results page listing entrance results/merit (rank) lists; B.Tech merit/cutoff lists are published here (JMI B.Tech now via JEE Main rank list). More specific tha
Jharkhand Combined Entrance Competitive Examination,https://jceceb.jharkhand.gov.in/links/counselling.aspx,False,Official JCECEB counselling page listing counselling notices and round-wise seat-allotment/cutoff PDFs (jceceb.jharkhand.gov.in/IMP_l/*.pdf). Gov server timed out on fetch; official domain and counsel
Joint Entrance Examination Advanced IIT Joint Admission (JEE Advanced),https://josaa.admissions.nic.in/applicant/seatmatrix/openingclosingrankarchieve.aspx,True,"Official JoSAA opening & closing ranks (OR-CR) archive (2016-2025), filterable by year/round/institute/program/category. For IITs ranks are JEE Advanced AIR. Direct cutoff page, better than josaa.nic."
Joint Entrance Examination CSAB NEUT North Eastern States and Union Territories (JEE Main),https://csab.nic.in/document-category/neut-orcr/,True,Official CSAB NEUT Opening and Closing Rank document category on csab.nic.in. Page loads but currently shows 'No Documents found' (off-season; populated when NEUT round OR-CR PDFs are released). Offic
Joint Entrance Examination CSAB Special Rounds (JEE Main),https://csab.nic.in/csab-special/,True,Official CSAB Special Round page on csab.nic.in linking to 'CSAB Special Opening and Closing Ranks' (admissions.nic.in/csabspl OR-CR archive) plus brochures/schedules. Cutoffs published as OR-CR per r
Joint Entrance Examination Council Uttar Pradesh Polytechnic Entrance Examination,https://jeecup.admissions.nic.in/,True,"Official JEECUP (Joint Entrance Examination Council, Polytechnic, UP) NIC admissions/eCounselling portal. Verified live: hosts Round-wise choice filling, rank cards and the OR-CR (opening/closing rank"
Joint Entrance Examination JAC Delhi Joint Admission Counselling (JEE Main),https://jacdelhi.admissions.nic.in/,True,"Official Joint Admission Committee Delhi NIC portal (Session 2026, B.Tech/B.Arch for DTU, NSUT, IIITD, IGDTUW, DSEU). Verified live: eServices has OR-CR and Allotment Result; news section links instit"
Joint Entrance Examination JoSAA Joint Seat Allocation (JEE Main and Advanced),https://josaa.nic.in/or-cr/,True,Official JoSAA OR-CR gateway. Verified live: links to 'Opening and Closing Ranks 2026' and previous-year OR-CR on josaa.admissions.nic.in (current page: josaa.admissions.nic.in/Applicant/seatallotment
Joint Integrated Programme in Management Admission Test,https://www.iimj.ac.in/programs/ipm/ipm-admission-policy.php,True,IIM Jammu IPM (JIPMAT) admission-policy page. Verified live: gives selection criteria (JIPMAT percentile 70% + Class 10 15% + Class 12 15%) and category-wise sectional percentile cutoffs. JIPMAT is ru
Karnataka Common Entrance Test,https://cetonline.karnataka.gov.in/kea/,False,Official Karnataka Examinations Authority (KEA) portal; KCET seat allotment and round-wise cutoff (opening/closing rank) PDFs are published here (e.g. /kea/ugcet2025). Confirmed official via search bu
Kerala Dairy Technology Entrance,https://cee.kerala.gov.in/,True,"B.Tech (Dairy Technology, KVASU) admission is done through KEAM by the Commissioner for Entrance Examinations (CEE) Kerala; allotment and last-rank cutoffs are published by CEE under the Centralised A"
Kerala Engineering Architecture Medical Entrance Examination,https://cee.kerala.gov.in/,True,Official CEE Kerala site (Commissioner for Entrance Examinations). Verified live: conducts KEAM and the Centralised Allotment Process; publishes rank lists and category/round-wise last-rank cutoffs (p
Kerala Fisheries Entrance Examination,https://cee.kerala.gov.in/keam2024/last_rank,True,KUFOS B.Tech (Food Technology) admission is via KEAM and seats are allotted through CEE Kerala's centralised process; closing/last ranks for the Agriculture/Forestry/Veterinary/Fisheries (AFVF) stream
Kerala Food Technology Entrance,https://cee.kerala.gov.in/keam2024/last_rank,True,"No separate Food Technology entrance; KCAET Tavanur (KAU) B.Tech Food Engineering admission is via KEAM, with last/closing ranks published by CEE Kerala. This verified Last Rank page lists Agriculture"
Kerala Forestry Entrance Examination,https://cee.kerala.gov.in/keam2024/last_rank,True,"No standalone forestry exam; B.Sc (Hons.) Forestry at KAU College of Forestry, Vellanikkara is admitted through KEAM/CEE Kerala counselling. CEE Kerala Last Rank page (verified) publishes the Agricult"
Kerala Law Entrance Examination,https://cee.kerala.gov.in/,True,"KLEE is conducted by CEE Kerala. The prior URL /kerala-law-entrance-examination/ now 404s. CEE Kerala homepage (verified) hosts the current LLB admission/allotment portals (/llb32026/, /llb52026/, /ll"
Kerala Veterinary Entrance Examination,https://cee.kerala.gov.in/keam2024/last_rank,True,No separate vet entrance; KVASU BVSc & AH admission is NEET-based and allotted via CEE Kerala's AFVF (Agriculture/Forestry/Veterinary/Fisheries) counselling. CEE Kerala Last Rank page (verified) publi
Lovely Professional University National Entrance and Scholarship Test,https://www.lpu.in/nest/,True,"Official LPUNEST page (nest.lpu.in 301-redirects to www.lpu.in/nest/, verified). LPUNEST is a scholarship/admission test; results and scholarship-bracket scorecards are issued to candidates via login,"
Lovely Professional University National Entrance and Scholarship Test Design,https://www.lpu.in/nest/,True,LPUNEST is a single unified entrance/scholarship test across disciplines (incl. design); there is no separate 'design' exam page (nest.lpu.in/design/ -> www.lpu.in/nest/design/ returns 404). Authorita
Madhya Pradesh Polytechnic Entrance Examination,https://dte.mponline.gov.in/portal/,False,"Official DTE MP MPOnline portal. MP PPT entrance discontinued from 2025; polytechnic admission now via Class-10 merit + online counselling, with seat-allotment/merit lists published on this portal (dt"
Madhya Pradesh Pre Agriculture Test,https://esb.mp.gov.in/results/RESULT_25/PAT_RES25/default_Results.htm,False,Official MP Employees Selection Board (MPESB/ESB) PAT result/merit page on esb.mp.gov.in. Final merit/result published here; downstream counselling/cutoffs via RVSKVV/JNKVV through MPOnline. Page TLS-
Madhya Pradesh Pre Polytechnic Test,https://dte.mponline.gov.in/portal/,False,Official DTE MP MPOnline portal where MP PPT/polytechnic seat allotment and merit lists are published. Entrance test discontinued from 2025 (admission via Class-10 merit + counselling on this portal).
Maharashtra Common Entrance Test,https://cetcell.mahacet.org/,False,Official Maharashtra State CET Cell site (MHT-CET). CAP cutoffs (opening/closing ranks per institute/course) are published here each round; CAP registration on the year's FE portal (e.g. fe2026.mahace
Manipal Academy of Higher Education Design Entrance Examination,https://counseling.manipal.edu/,True,Official MAHE online counselling portal (counseling.manipal.edu) where program-wise closing ranks / seat allotment for MAHE entrance programs are published. Design admission merit prepared by MAHE; cu
Manipal Entrance Test,https://counseling.manipal.edu/,True,Official MAHE online counselling portal where MET branch/campus-wise closing ranks and seat-allotment results are released (Round 1/2 cutoffs published here; also mirrored on manipal.edu). Portal fetc
Military Nursing Service Entrance Examination,https://joinindianarmy.nic.in/,True,Official Join Indian Army portal (joinindianarmy.nic.in). MNS B.Sc Nursing shortlist/merit lists are uploaded here; final merit prepared by DGMS from NEET-UG + ToGIGE/interview/medical. Replaced the p
Narsee Monjee Institute of Management Studies National Test for Programs After Twelfth,https://npat.nmims.edu/,True,Official NMIMS NPAT portal (fetched). Registration/info portal; program/campus-wise cutoff and merit lists are published on this portal (downloadable PDFs / step-5 'Merit List and Admission Status') r
National Aptitude Test in Architecture,https://www.nata.in/,True,Official Council of Architecture NATA site. Qualifying cutoff (70/200) and scorecards are declared here after results; no separate static cutoff page — admission cutoffs are college-specific (NATA onl
National Council for Hotel Management Joint Entrance Examination,https://nchmcounselling.nic.in/or-cr/,True,"Official NCHMCT eCounselling OR-CR page (fetched). Lists opening/closing rank reports for B.Sc (HHA) and M.Sc (HA), 2021–2026, with per-year download links. Specific cutoff page — better than the home"
National Council for Hotel Management and Catering Technology Joint Entrance Examination,https://nchmcounselling.nic.in/or-cr/,True,Same exam (NCHMCT JEE). Official NCHMCT eCounselling OR-CR page (fetched) with year-wise opening/closing rank reports for B.Sc (HHA) and M.Sc (HA).
National Eligibility cum Entrance Test Undergraduate,https://mcc.nic.in/ug-medical-counselling/,True,"Official MCC UG Medical Counselling page (fetched). Hosts NEET-UG AIQ seat-allotment results, seat matrix and round-wise closing-rank reports. More specific than mcc.nic.in homepage. (NEET qualifying "
National Entrance Screening Test,https://www.nestexam.in/,True,"Official NEST exam site. Results, scorecard and category-wise cutoffs (MAP/SMAS) are released here; admission merit lists are maintained by the respective institutes (NISER Bhubaneswar / UM-DAE CEBS M"
National Institute of Design Design Aptitude Test Toy Design,https://admissions.nid.edu/,True,Official NID Ahmedabad admissions portal (fetched). Links to B.Des/M.Des DAT Mains results and round-wise seat allotment; cutoffs are realised through seat-allotment rounds (incl. Toy & Game Design) r
National Institute of Fashion Technology Entrance Examination,https://www.nift.ac.in/admissions-archive,True,Official NIFT admissions archive; lists 'Opening and Closing Rank Details for NIFT Counselling' and 'Opening and Closing CMR for Seat Allocation' PDFs by round/year. More specific than the generic /ad
Odisha Joint Entrance Examination,https://ojee.nic.in/or-cr/,True,"Official OJEE opening-and-closing-rank (cutoff) hub on ojee.nic.in, with grid/list views per OJEE-2025 round. Replaces the generic publicinfo homepage."
Odisha Joint Entrance Examination Agriculture,https://ojee.nic.in/or-cr/,True,Same official OJEE opening/closing-rank portal; OJEE publishes its cutoffs centrally on ojee.nic.in/or-cr/. (Odisha agriculture UG admission proper is run by OUAT; this entry is treated as the OJEE co
Odisha University of Agriculture and Technology Entrance Examination,https://ouat.ac.in/admissions/,True,Correct official domain is ouat.ac.in (NOT ouat.nic.in). Homepage confirmed official with an Admissions nav link; merit list and counselling notices for the OUAT Common Entrance Examination are publis
Panjab University Undergraduate Law Entrance Test,https://uglaw.puchd.ac.in/,True,"Official PU UGLAW (BA/B.Com LL.B 5-yr) admission portal on puchd.ac.in; carries the entrance-test result link, and the tentative/final merit list and counselling cutoffs are published here after resul"
Presidency University Bachelor Degree Entrance Test,https://www.presiuniv.ac.in/web/notices.php,True,Official Presidency University notices page; verified it hosts PUBDET/PUMDET subject-wise provisional merit lists and rank lists (as received from WBJEEB). PUBDET is conducted by WBJEEB; merit list PD
Punjab Para Medical Entrance Test Baba Farid University of Health Sciences,https://bfuhs.ac.in/,True,BFUHS (Faridkot) is the official PPMET conducting body; result/merit list 2026 published as PDF at bfuhs.ac.in (declared 12 Jun 2026). The configured AllNotifications.aspx now returns HTTP 404; homepa
Rajasthan Pre Bachelor of Education and Basic School Teaching Certificate Entrance Examination,https://ptetvmoukota2025.in/,True,"Official VMOU Kota PTET 2025 counselling/allotment portal; search-confirmed that college allotment lists and letters (1st on 25 Jul 2025, 2nd on 18 Aug 2025) are released here. This is the year-specif"
Rajasthan Pre Veterinary Test,https://rajuvas.ac.in/admission/,True,Official RAJUVAS (Bikaner) admission portal. The configured rajuvas.org/admission.php is dead (rajuvas.org 301-redirects to rajuvas.ac.in and .../admission.php 404s). RAJUVAS conducts RPVT and runs BV
Rajasthan University Law Entrance Test,https://www.uniraj.ac.in/index.php?mid=192&exid=5,True,"Dedicated RULET page on the official University of Rajasthan (UNIRAJ) site; verified it carries RULET admission/merit-list schedules, results and counselling/personal-interview notices (content curren"
Rajasthan University of Health Sciences Bachelor of Science Nursing Entrance Examination,https://www.ruhsraj.org/admission/,False,RUHS Jaipur (ruhsraj.org) is the official body conducting the RUHS CUET for BSc Nursing; merit list/result published at ruhsraj.org (declared 2 Jun 2026) and counselling run via the CUET portal. Corre
Rajasthan University of Health Sciences Paramedical Entrance Examination,https://www.ruhsraj.org/admission/,False,"RUHS Jaipur (ruhsraj.org) conducts the RUHS CUET covering paramedical courses (B.Sc MLT, Oph.Tech, BRT); merit list/result and counselling published at ruhsraj.org. Correct official domain but the fet"
SRM Institute Admission Test,https://www.srmist.edu.in/admission-india/,False,SRMJEEE is SRMIST's own test; srmist.edu.in is the official domain. SRM does not publish a static cutoff table - results/counselling/admission are handled via srmist.edu.in and the application portal 
SRM Joint Engineering Entrance Examination,https://www.srmist.edu.in/admission-india/,False,Same as SRMJEEE - SRMIST's own engineering entrance test. Official domain srmist.edu.in; no static cutoff page published (results/counselling via portal). Admission page 403'd the fetcher (bot-block) 
School of Fashion Technology Entrance Test,https://www.soft.ac.in/,True,Official MKSSS School of Fashion Technology (SOFT Pune) site. The prior /admission/ path now 404s. Per official process merit list/results for SOFT CET are published on the institute's admission porta
Sharda University Admission Test,https://suat.sharda.ac.in/,True,"Official SUAT (Sharda University Online Admission Test) site, verified live. Navigation covers About/Test Process/Fee/Apply; no separate cutoff or merit-list page is published (SUAT has no public clos"
Sharda University Admission Test Engineering,https://suat.sharda.ac.in/,True,Same SUAT exam (engineering programmes admitted via SUAT). Official suat.sharda.ac.in verified live; no dedicated cutoff/merit page published officially.
Symbiosis Entrance Test,https://www.set-test.org/,True,"Official Symbiosis Entrance Test (SET) site, verified live. Results announced on set-test.org; category-wise cutoffs/merit & wait lists are published on each Symbiosis institute's own site after resul"
Symbiosis Institute Of Media Entrance,https://www.simc.edu/admissions,True,"Official SIMC Pune admissions page, verified live - publishes merit lists (MBA-CM 1st/2nd merit list, GE-PI shortlist links) and program selection criteria/eligibility. This is the authoritative cutof"
Symbiosis Institute of Design Entrance Test,https://sid.edu.in/programmes-offered/admission-process,True,Official SID (sid.edu.in) admission-process page describing the SEED-based selection (online SEED exam + portfolio + PRPI + PI). SID is merit-list based and does not publish numeric rank cutoffs; this
Symbiosis Institute of Technology Engineering Entrance Examination,https://www.sitpune.edu.in/,True,"Official SIT Pune site (sitpune.edu.in). Admission is merit-list based via SITEEE/JEE Main/MHT-CET; SIT does not publish fixed cutoff ranks, merit lists appear on the official site during admissions. "
Symbiosis Law Admission Test,https://www.slat-test.org/,True,Official SLAT exam site (slat-test.org). Results delivered via the linked score-card portal; category-wise merit/wait lists and cutoffs are released by each of the four Symbiosis Law Schools on their 
Symbiosis Liberal Arts Entrance,https://www.set-test.org/ssla,True,Official SET portal page for SSLA (Symbiosis School for Liberal Arts) admission via the Symbiosis Entrance Test. Lists merit-list declaration dates and PI stage; selection is merit-list based (SET + P
Tamil Nadu Engineering Admissions,https://cutoff.tneaonline.org/,True,"Official Government of Tamil Nadu (DoTE) TNEA cutoff portal, dedicated to publishing college/branch/category-wise cutoffs and opening-closing ranks. Sits under the official tneaonline.org domain; pref"
Tamil Nadu Polytechnic Entrance Examination,https://www.tnpoly.in/,False,Official DOTE Tamil Nadu polytechnic admission portal (tnpoly.in) where merit-based allotment/rank/counselling data is published (no entrance exam; selection on 10th/SSLC marks). Fetcher returned only
Telangana Engineering Agriculture and Pharmacy Common Entrance Test Biology Physics Chemistry Stream,https://eapcet.tgche.ac.in/TSEAMCET/EamcetLastRankDetails.aspx,False,Correct official TG EAPCET (TS EAMCET) last-rank/cutoff page on the TGCHE conducting-body domain (eapcet.tgche.ac.in). Direct deep-link returns 'Invalid Access' (requires in-session navigation / bot-b
Telangana Law Common Entrance Test,https://lawcetadm.tgche.ac.in/,False,"Official TS LAWCET counselling/admissions portal (TSCHE) that publishes web-option seat allotment and last-rank lists; SSL certificate expired so the fetcher was blocked, but multiple searches confirm"
Telangana State Engineering Agriculture and Medical Common Entrance Test,https://tgeapcet.nic.in/,True,Official TG EAPCET (formerly TS EAMCET) counselling portal where seat allotment and college/branch last-rank (closing-rank) details are published; strongly confirmed via search. The previously listed 
Telangana State Polytechnic Common Entrance Test,https://polycet.sbtet.telangana.gov.in/,False,"Official SBTET Telangana POLYCET portal that releases rank card, qualifying cutoff and round-wise counselling/seat-allotment results; fetcher blocked by a TLS certificate-verification error, but it is"
Tripura Board of Joint Entrance Examination,https://tbjee.nic.in/,False,Official TBJEE (Tripura JEE) site; hosts the PCM/PCB rank-wise merit lists as PDFs (e.g. Common-Result List_PCB.pdf) used for counselling/admission. Fetch was refused (ECONNREFUSED / bot-block) but se
Undergraduate Common Entrance Examination for Design,https://www.uceed.iitb.ac.in/2026/,True,Official UCEED (IIT Bombay) admissions page; verified to list the BDes seat-allotment PDFs for Rounds I-IV containing institute-wise opening and closing category ranks for IIT Bombay/Delhi/Guwahati/Hy
Unitedworld Institute of Design Entrance Examination,https://www.uid.edu.in/admissions/,False,Official UID (Karnavati University) admissions page; fetcher blocked by a TLS cert (altname) error. UID does NOT publish numeric cutoffs/ranks — selection is via UID DAT + Situation Test + Portfolio E
University of Petroleum and Energy Studies Design Entrance Examination,https://www.upes.ac.in/admissions/admission-alerts/upesdat,True,Verified official UPESDAT (UPES Design) admissions page with eligibility and merit-based selection criteria for B.Des/M.Des. UPES does not publish numeric cutoff ranks — selection is via UPESDAT/natio
Uttar Pradesh Combined Agriculture and Technology Entrance Test,https://www.upcatetexam.org/,True,"Verified official UPCATET portal (run by Banda University of Agriculture & Technology, coordinating 5 UP agri universities). Replaces the wrong/generic upcatet.net. Publishes result/counselling/seat-a"
Uttar Pradesh Combined Paramedical Entrance Test,https://www.abvmuup.edu.in/cpet.php,True,Verified official CPET page of Atal Bihari Vajpayee Medical University UP (abvmuup). Specific exam page; merit list/counselling are run on this body's portal. More specific than the bare homepage.
Uttar Pradesh Paramedical Entrance Test,https://www.abvmuup.edu.in/cpet.php,True,Same UP paramedical admission conducted by Atal Bihari Vajpayee Medical University UP (CPET). Verified official CPET page; merit-list/counselling handled by this body. Note: from 2026 the body indicat
Uttar Pradesh State Entrance Examination Abdul Kalam Technical University,https://uptac.admissions.nic.in/or-cr/,True,Verified official NIC UPTAC OR-CR portal (successor to UPSEE/AKTU admissions). Lists B.Tech/UG/PG/NATA opening & closing ranks 2025 by round/category. Authoritative cutoff source.
Uttar Pradesh State Entrance Examination Bachelor of Hotel Management and Catering Technology,https://uptac.admissions.nic.in/or-cr/,True,BHMCT admission is conducted through the same UPTAC (AKTU) counselling. Verified official NIC OR-CR portal carries UG opening/closing ranks including BHMCT. Authoritative.
Vellore Institute of Technology Design Entrance Examination,https://vit.ac.in/all-courses/ug/bachelor-of-design-programme,True,VIT B.Des admission (via VIT-DAT design aptitude test / UCEED + portfolio + interview). Verified official VIT B.Des admissions page. VIT does NOT publish design entrance cutoffs/closing ranks official
Vellore Institute of Technology Engineering Entrance Examination,https://viteee.vit.ac.in/,True,Verified official VITEEE exam/admissions site. VIT does NOT officially release VITEEE cutoffs/closing ranks (counselling uses internal fee-category ranks 1-5); only third-party portals publish indicat
West Bengal Joint Entrance Examination,https://admissions.nic.in/WBJEEB/Applicant/Report/OpenCloseRank.aspx,False,Correct official NIC/WBJEEB opening-closing rank report endpoint on admissions.nic.in. Page loads but is a session-gated ASP.NET report ('Something went wrong'/session-expired when fetched without a c
"West Bengal Joint Entrance Test for Nursing, Paramedical and Allied Sciences Undergraduate",https://wbjeeb.nic.in/jenpas-ug/,True,"Official WBJEEB JENPAS-UG page (fetched OK). Hosts candidate sign-in, rank card (e.g. 'Rank Card for JENPAS-UG 2025'), and counselling/seat-allotment access. WBJEEB conducts JENPAS-UG counselling and "
West Bengal Paramedical Entrance Test,https://wbjeeb.nic.in/jenpas-ug/,True,"West Bengal paramedical admission is now conducted under WBJEEB JENPAS-UG (Joint Entrance Test for Nursing, Paramedical and Allied Sciences). Same official page as JENPAS-UG (fetched OK): rank card, c"
